",""Id"",""Fuente"",""Fecha_Registro"",""Seccion"",""Titulo"",""Fecha_Dia"",""Dia""";;;;;;;
"8571,""85515"",""EMOL"",""2016-10-03 00:01:04"",""Internacional"",""Partido de Lula y Rousseff sufre su mayor derrota en dos decadas en eleccion municipal";" Emol.com"",2016-10-03,""lunes""";;;;;;
"8572,""85516"",""EMOL"",""2016-10-03 00:11:03"",""Internacional"",""Las regiones mas golpeadas por el conflicto con las FARC votaron";Si; al acuerdo ;" Emol.com"",2016-10-03,""lunes""";;;;
"8574,""85518"",""EMOL"",""2016-10-03 01:11:04"",""Internacional"",""Huracan Matthew amenaza a Haiti, Jamaica y Cuba ";" Emol.com"",2016-10-03,""lunes""";;;;;;
"8575,""85519"",""EMOL"",""2016-10-03 01:51:04"",""Internacional"",""Leonardio DiCaprio y Barack Obama encabezaran debate sobre el clima en la Casa Blanca";" Emol.com"",2016-10-03,""lunes""";;;;;;
"8576,""85520"",""LA TERCERA"",""2016-10-03 04:06:23"",""opinion"",""America Latina: Retrocesos en combate a la pobreza"",2016-10-03,""lunes""";;;;;;;
"8577,""85521"",""LA TERCERA"",""2016-10-03 04:07:25"",""opinion"",""Estadisticas oficiales en Argentina"",2016-10-03,""lunes""";;;;;;;
"8578,""85522"",""LA TERCERA"",""2016-10-03 04:08:27"",""opinion"",""Pobreza y educacion"",2016-10-03,""lunes""";;;;;;;
"8579,""85523"",""LA TERCERA"",""2016-10-03 04:09:29"",""opinion"",""Manual de educacion sexual"",2016-10-03,""lunes""";;;;;;;
"8580,""85524"",""LA TERCERA"",""2016-10-03 04:10:31"",""opinion"",""Dia mundial del Habitat"",2016-10-03,""lunes""";;;;;;;
"8581,""85525"",""LA TERCERA"",""2016-10-03 04:11:33"",""opinion"",""Autocultivo de marihuana"",2016-10-03,""lunes""";;;;;;;
"8582,""85526"",""LA TERCERA"",""2016-10-03 04:12:35"",""opinion"",""Politicas publicas frente al envejecimiento"",2016-10-03,""lunes""";;;;;;;
"8584,""85528"",""EMOL"",""2016-10-03 05:31:04"",""Internacional"",""Rusia detiene a un reportero ucraniano y lo acusa de espionaje";" Emol.com"",2016-10-03,""lunes""";;;;;;
"8585,""85529"",""EMOL"",""2016-10-03 06:01:04"",""Nacional"",""Ex ministros y autoridades llaman a presidenciales a no postergar discusion sobre eleccion de intendentes";" Emol.com"",2016-10-03,""lunes""";;;;;;
"8586,""85530"",""DF"",""2016-10-03 06:01:05"",""Internacional"",""Estatal rusa ve alianza en negocio del litio con Chile"",2016-10-03,""lunes""";;;;;;;
"8587,""85531"",""DF"",""2016-10-03 06:02:08"",""Internacional"",""Tras dimision de Sanchez, comision gestora del PSOE se reune hoy"",2016-10-03,""lunes""";;;;;;;
"8588,""85532"",""DF"",""2016-10-03 06:06:20"",""Internacional"",""Peru tiene 256 supermercados para 30 millones de habitantes, mientras Chile cuenta con mas de 1.400"",2016-10-03,""lunes""";;;;;;;
"8589,""85533"",""DF"",""2016-10-03 06:07:26"",""Internacional"",""Grupo chino Wanda podria quedarse con los Globos de Oro"",2016-10-03,""lunes""";;;;;;;
"8590,""85534"",""DF"",""2016-10-03 06:08:29"",""Internacional"",""De conserje a candidato: el hombre cuyo testimonio hundio a Lula"",2016-10-03,""lunes""";;;;;;;
"8591,""85535"",""DF"",""2016-10-03 06:12:31"",""Mercados"",""El gran desafio de Latinoamerica es contar con pensiones sostenibles sin boom de commodities"",2016-10-03,""lunes""";;;;;;;
"8592,""85536"",""DF"",""2016-10-03 06:15:42"",""Empresas"",""?En cinco anos tendremos una industria en torno a la energia solar?"",2016-10-03,""lunes""";;;;;;;
"8593,""85537"",""DF"",""2016-10-03 06:17:49"",""Empresas"",""Universidad Catolica de Chile obtiene su patente numero 100"",2016-10-03,""lunes""";;;;;;;
"8594,""85538"",""DF"",""2016-10-03 06:18:52"",""Empresas"",""Atakama Outdoor: Camping ligero y con sentido social"",2016-10-03,""lunes""";;;;;;;
"8595,""85539"",""DF"",""2016-10-03 06:20:57"",""Empresas"",""Mas de 3.000 procedimientos se han activado desde vigencia de nueva ley de insolvencia"",2016-10-03,""lunes""";;;;;;;
"8596,""85540"",""DF"",""2016-10-03 06:22:01"",""Empresas"",""Barros ";" Errazuriz y AmCham realizaron seminario sobre practicas anticorrupcion"",2016-10-03,""lunes""";;;;;;
"8597,""85541"",""DF"",""2016-10-03 06:23:04"",""Empresas"",""Philippi Prietocarrizosa Ferrero DU ";" Uria siguen cosechando premios"",2016-10-03,""lunes""";;;;;;
"8598,""85542"",""DF"",""2016-10-03 06:24:06"",""Empresas"",""Abogadas chilenas participan de Cumbre de mujeres en Washington"",2016-10-03,""lunes""";;;;;;;
"8599,""85543"",""EMOL"",""2016-10-03 06:26:04"",""Nacional"",""Guardia fallece tras intentar repeler asalto a un supermercado en Las Condes ";" Emol.com"",2016-10-03,""lunes""";;;;;;
"8600,""85544"",""DF"",""2016-10-03 06:29:19"",""Economia y Politica"",""La austera apuesta de Chile para feria mundial en Kazajistan"",2016-10-03,""lunes""";;;;;;;
"8601,""85545"",""DF"",""2016-10-03 06:30:22"",""Economia y Politica"",""Mega imbatible, ahora supera a la BBC como el mejor canal para trabajar"",2016-10-03,""lunes""";;;;;;;
"8602,""85546"",""DF"",""2016-10-03 06:31:25"",""Empresas"",""Las Condes restringe entrega de volantes"",2016-10-03,""lunes""";;;;;;;
"8603,""85547"",""DF"",""2016-10-03 06:32:27"",""Empresas"",""FNE da luz verde a venta de radio Universo"",2016-10-03,""lunes""";;;;;;;
"8604,""85548"",""DF"",""2016-10-03 06:33:31"",""Empresas"",""Contraloria torpedea acuerdo entre el MOP y el Ejercito"",2016-10-03,""lunes""";;;;;;;
"8605,""85549"",""EMOL"",""2016-10-03 06:36:04"",""Nacional"",""Presidenta Bachelet encabeza consejo de gabinete en antesala del inicio de la discusion del Presupuesto 2017 ";" Emol.com"",2016-10-03,""lunes""";;;;;;
"8606,""85550"",""EMOL"",""2016-10-03 06:37:07"",""Internacional"",""Putin suspende el tratado con EE.UU. sobre la reconversion de plutonio militar ";" Emol.com"",2016-10-03,""lunes""";;;;;;
"8607,""85551"",""DF"",""2016-10-03 06:38:02"",""Opinion"",""Casen 2015: la tarea continuaD"",2016-10-03,""lunes""";;;;;;;
"8608,""85552"",""DF"",""2016-10-03 06:39:28"","" "",""Tasa de desempleo bajo la lupa"",2016-10-03,""lunes""";;;;;;;
"8609,""85553"",""DF"",""2016-10-03 06:40:55"","" "",""Bajas perspectivas para la construccion"",2016-10-03,""lunes""";;;;;;;
"8610,""85554"",""DF"",""2016-10-03 06:42:21"",""Opinion"",""Hacia una ecologia humana"",2016-10-03,""lunes""";;;;;;;
"8611,""85555"",""DF"",""2016-10-03 06:43:49"",""Opinion"",""La liberadora alegria que sentia tras extraviar mi telefono inteligenteL"",2016-10-03,""lunes""";;;;;;;
"8612,""85556"",""DF"",""2016-10-03 06:45:58"",""Internacional"",""Aliados de Trump lo tratan de genio si no pago impuestos"",2016-10-03,""lunes""";;;;;;;
"8613,""85557"",""DF"",""2016-10-03 06:47:01"",""Internacional"",""Elecciones en Rio de Janeiro se definiran en segunda vuelta"",2016-10-03,""lunes""";;;;;;;
"8614,""85558"",""DF"",""2016-10-03 06:48:05"",""Internacional"",""Santiago Castro, asociacion de banqueros: ?No tiene por que tener repercusiones en la economia?"",2016-10-03,""lunes""";;;;;;;
"8615,""85559"",""EMOL"",""2016-10-03 07:01:05"",""Tecnologia"",""Investigador de los mecanismos de autofagia gana el Premio Nobel de Medicina 2017 ";" Emol.com"",2016-10-03,""lunes""";;;;;;
"8616,""85560"",""EMOL"",""2016-10-03 07:06:04"",""Deportes"",""Lo que no se vio del Superclasico: De la rabieta de Pablo Guede al noble gesto de Johnny Herrera ";" Emol.com"",2016-10-03,""lunes""";;;;;;
"8617,""85561"",""EMOL"",""2016-10-03 07:11:04"",""Internacional"",""Plebiscito por la paz: Opcion ";Si; gano entre los colombianos residentes en Chile ;" Emol.com"",2016-10-03,""lunes""";;;;
"8618,""85562"",""EMOL"",""2016-10-03 07:12:07"",""Economia"",""Pese a austeridad del Presupuesto, Chile registrara uno de los gastos mas expansivos de la region ";" Emol.com"",2016-10-03,""lunes""";;;;;;
"8619,""85563"",""EMOL"",""2016-10-03 07:21:04"",""Deportes"",""";No es ni la mitad de bueno de lo que se cree el con los pies;: En Espana destrozan a Ter Stegen tras error ;" Emol.com"",2016-10-03,""lunes""";;;;
"8620,""85564"",""LA TERCERA"",""2016-10-03 07:21:22"",""deportes"",""Tres chilenos triunfadores en Espana"",2016-10-03,""lunes""";;;;;;;
"8621,""85565"",""EMOL"",""2016-10-03 07:22:06"",""Nacional"",""Corte ratifica detencion ilegal de tres imputados tras ser retenidos por seguridad municipal ";" Emol.com"",2016-10-03,""lunes""";;;;;;
"8622,""85566"",""LA TERCERA"",""2016-10-03 07:22:25"",""deportes"",""Pep y los otros"",2016-10-03,""lunes""";;;;;;;
"8623,""85567"",""EMOL"",""2016-10-03 07:23:09"",""Economia"",""Ministro de Finanzas de Reino Unido: La economia britanica afronta ";una montana rusa; por el Brexit ;" Emol.com"",2016-10-03,""lunes""";;;;
"8624,""85568"",""LA TERCERA"",""2016-10-03 07:23:27"",""deportes"",""Clasicos suenos de ninos"",2016-10-03,""lunes""";;;;;;;
"8625,""85569"",""LA TERCERA"",""2016-10-03 07:24:29"",""deportes"",""El peso de la historia"",2016-10-03,""lunes""";;;;;;;
"8626,""85570"",""LA TERCERA"",""2016-10-03 07:25:31"",""deportes"",""Juan Cristobal Guarello: 'Esta claro que a Gomez lo bajo Bravo, ¿alguna duda?'"",2016-10-03,""lunes""";;;;;;;
"8627,""85571"",""LA TERCERA"",""2016-10-03 07:26:34"",""deportes"",""U. Catolica: Aplastada y eliminada"",2016-10-03,""lunes""";;;;;;;
"8628,""85572"",""LA TERCERA"",""2016-10-03 07:27:36"",""deportes"",""Un kamikaze gana la batalla"",2016-10-03,""lunes""";;;;;;;
"8629,""85573"",""LA TERCERA"",""2016-10-03 07:28:45"",""deportes"",""El palo a la Gata"",2016-10-03,""lunes""";;;;;;;
"8630,""85574"",""LA TERCERA"",""2016-10-03 07:29:47"",""deportes"",""Un heroe llamado Martin"",2016-10-03,""lunes""";;;;;;;
"8631,""85575"",""EMOL"",""2016-10-03 07:31:13"",""Deportes"",""Las ";Diablas; del hockey cesped arrancan con goleada en la World League de Chiclayo ;" Emol.com"",2016-10-03,""lunes""";;;;
"8632,""85576"",""EMOL"",""2016-10-03 07:32:15"",""Internacional"",""Registran intensos enfrentamientos en distintas partes de la ciudad siria de Alepo ";" Emol.com"",2016-10-03,""lunes""";;;;;;
"8633,""85577"",""EMOL"",""2016-10-03 07:36:04"",""Nacional"",""Diputados Tucapel Jimenez y Cristian Campos preparan sus renuncias al PPD ";" Emol.com"",2016-10-03,""lunes""";;;;;;
"8634,""85578"",""LA TERCERA"",""2016-10-03 07:36:35"",""deportes"",""Superclasico: Un heroe llamado Martin"",2016-10-03,""lunes""";;;;;;;
"8635,""85579"",""EMOL"",""2016-10-03 07:37:06"",""Economia"",""Visitantes de Costanera Center crecen 10 y superan los 21 millones en primer semestre ";" Emol.com"",2016-10-03,""lunes""";;;;;;
"8636,""85580"",""EMOL"",""2016-10-03 07:38:09"",""Espectaculos"",""Kim Kardashian sufre millonario robo a mano armada en Paris ";" Emol.com"",2016-10-03,""lunes""";;;;;;
"8637,""85581"",""EMOL"",""2016-10-03 07:46:04"",""Internacional"",""Uribe y Santos: el absoluto ganador y el gran perdedor tras el plebiscito en Colombia ";" Emol.com"",2016-10-03,""lunes""";;;;;;
"8638,""85582"",""LA TERCERA"",""2016-10-03 07:51:22"",""politica"",""Bachelet encabeza consejo de gabinete previo a la discusion del Presupuesto 2017"",2016-10-03,""lunes""";;;;;;;
"8639,""85583"",""LA TERCERA"",""2016-10-03 07:52:24"",""deportes"",""La Seleccion se llena de exigencias en Ecuador"",2016-10-03,""lunes""";;;;;;;
"8640,""85584"",""LA TERCERA"",""2016-10-03 07:53:33"",""deportes"",""Repudiado hasta con billetes"",2016-10-03,""lunes""";;;;;;;
"8641,""85585"",""EMOL"",""2016-10-03 08:01:04"",""Economia"",""Moody";#39;s: Seria positivo para los prestamistas del Deutsche Bank si se resuelven acusaciones de EE.UU. ;" Emol.com"",2016-10-03,""lunes""";;;;
"8642,""85586"",""DF"",""2016-10-03 08:02:26"",""Internacional"",""Aliados de Trump lo tratan de genio si no pago impuestos por casi 20 anos"",2016-10-03,""lunes""";;;;;;;
"8643,""85587"",""EMOL"",""2016-10-03 08:06:03"",""Deportes"",""Pese a atajar penal, en Inglaterra critican duro a Bravo por su juego de pies y piden que Hart vuelva al City ";" Emol.com"",2016-10-03,""lunes""";;;;;;
"8644,""85588"",""DF"",""2016-10-03 08:07:31"",""Internacional"",""Banca de Colombia: ?Plebiscito no tiene por que tener repercusiones en la economia?"",2016-10-03,""lunes""";;;;;;;
"8645,""85589"",""EMOL"",""2016-10-03 08:11:04"",""Nacional"",""Trabajadores se toman sede regional del Sename ";" Emol.com"",2016-10-03,""lunes""";;;;;;
"8646,""85590"",""EMOL"",""2016-10-03 08:21:05"",""Espectaculos"",""Liberan el primer adelanto de la nueva entrega de ";Piratas del Caribe; ;" Emol.com"",2016-10-03,""lunes""";;;;
"8647,""85591"",""EMOL"",""2016-10-03 08:22:07"",""Espectaculos"",""John Lithgow y su rol como Churchill en ";The Crown;: ;No creo que haya investigado mas un personaje; ;" Emol.com"",2016-10-03,""lunes""";;
"8648,""85592"",""EMOL"",""2016-10-03 08:31:13"",""Economia"",""Petrolera BP cierra una plataforma en el Mar del Norte por un derrame de crudo ";" Emol.com"",2016-10-03,""lunes""";;;;;;
"8649,""85593"",""EMOL"",""2016-10-03 08:36:12"",""Nacional"",""Detienen a dos integrantes de banda que asalto casa en Lo Barnechea: Tienen 13 y 17 anos ";" Emol.com"",2016-10-03,""lunes""";;;;;;
"8650,""85594"",""EMOL"",""2016-10-03 08:41:04"",""Tecnologia"",""China abre las posibilidades para una colaboracion internacional en su estacion espacial ";" Emol.com"",2016-10-03,""lunes""";;;;;;
"8651,""85595"",""EMOL"",""2016-10-03 08:51:04"",""Nacional"",""Gobierno expresa disposicion para seguir acompanando proceso de paz en Colombia ";" Emol.com"",2016-10-03,""lunes""";;;;;;
"8652,""85596"",""EMOL"",""2016-10-03 08:56:04"",""Economia"",""Dolar abre con minimas perdidas ante fuerte impulso que tuvo el precio del cobre el viernes ";" Emol.com"",2016-10-03,""lunes""";;;;;;
"8653,""85597"",""DF"",""2016-10-03 09:01:04"",""Economia y Politica"",""Banco Central considero opcion de bajar tasa de interes en ultima reunion de politica monetaria"",2016-10-03,""lunes""";;;;;;;
"8654,""85598"",""EMOL"",""2016-10-03 09:11:04"",""Deportes"",""La avanzada tecnologia con la que Ecuador se prepara para vencer a Chile por Clasificatorias ";" Emol.com"",2016-10-03,""lunes""";;;;;;
"8655,""85599"",""EMOL"",""2016-10-03 09:12:06"",""Deportes"",""Las jugadas tacticas de Guede que ";borraron; a la U y le dieron su primer Superclasico ;" Emol.com"",2016-10-03,""lunes""";;;;
"8656,""85600"",""EMOL"",""2016-10-03 09:21:13"",""Tecnologia"",""Nuevo Nobel de Medicina destaca la importancia de fijarse ratos en el trabajo ";" Emol.com"",2016-10-03,""lunes""";;;;;;
"8657,""85601"",""EMOL"",""2016-10-03 09:22:15"",""Economia"",""Bonos soberanos de Colombia caen tras triunfo del ";No; al acuerdo de paz ;" Emol.com"",2016-10-03,""lunes""";;;;
"8658,""85602"",""EMOL"",""2016-10-03 09:26:04"",""Economia"",""Minutas: Opcion de bajar la tasa fue planteada en ultima reunion del Consejo del Banco Central ";" Emol.com"",2016-10-03,""lunes""";;;;;;
"8659,""85603"",""EMOL"",""2016-10-03 09:36:05"",""Espectaculos"",""La actriz britanica Rachel McAdams se suma a nueva pelicula de Sebastian Lelio ";" Emol.com"",2016-10-03,""lunes""";;;;;;
"8660,""85604"",""LA TERCERA"",""2016-10-03 09:36:22"",""mundo"",""Doble atentado suicida en Siria deja dos muertos y decenas de heridos"",2016-10-03,""lunes""";;;;;;;
"8661,""85605"",""EMOL"",""2016-10-03 09:37:07"",""Nacional"",""Cadem: 80 creen que Clinton seria mejor Presidenta de EE.UU. pensando en los intereses de Chile ";" Emol.com"",2016-10-03,""lunes""";;;;;;
"8662,""85606"",""LA TERCERA"",""2016-10-03 09:37:24"",""tendencias"",""Utilizaran realidad virtual para investigar crimenes de guerra nazis en Auschwitz"",2016-10-03,""lunes""";;;;;;;
"8663,""85607"",""LA TERCERA"",""2016-10-03 09:38:26"",""politica"",""Canciller tras triunfo del No en Colombia: 'Chile esta disponible para acompanar esta nueva etapa'"",2016-10-03,""lunes""";;;;;;;
"8664,""85608"",""LA TERCERA"",""2016-10-03 09:39:28"",""tendencias"",""Terremotos en Marte podrian haber ayudado a vida microscopica"",2016-10-03,""lunes""";;;;;;;
"8665,""85609"",""LA TERCERA"",""2016-10-03 09:40:30"",""entretencion"",""Kim Kardashian atada y encerrada durante robo en Paris: perdio millones en joyas"",2016-10-03,""lunes""";;;;;;;
"8666,""85610"",""EMOL"",""2016-10-03 09:56:05"",""Tendencias"",""Una playa en Bombay ha sido limpiada durante un ano por 1.500 personas: el cambio ha sido increible ";" Emol.com"",2016-10-03,""lunes""";;;;;;
"8667,""85611"",""LA TERCERA"",""2016-10-03 09:56:21"",""entretencion"",""Piratas del caribe 5 lanza su primer adelanto"",2016-10-03,""lunes""";;;;;;;
"8668,""85612"",""EMOL"",""2016-10-03 09:57:07"",""Nacional"",""Sujetos que balearon a guardia en asalto a supermercado de Las Condes usaron arma de fabricacion artesanal ";" Emol.com"",2016-10-03,""lunes""";;;;;;
"8669,""85613"",""EMOL"",""2016-10-03 10:06:12"",""Deportes"",""El extraordinario golazo que marco Dimitri Payet y por el que fue comparado con Lionel Messi ";" Emol.com"",2016-10-03,""lunes""";;;;;;
"8670,""85614"",""EMOL"",""2016-10-03 10:11:04"",""Deportes"",""Chile tendra un cupo mas para la Copa Libertadores desde el 2017 tras modificacion de reglamento ";" Emol.com"",2016-10-03,""lunes""";;;;;;
"8671,""85615"",""EMOL"",""2016-10-03 10:12:06"",""Espectaculos"",""Lindsay Lohan pierde parte de su dedo anular tras accidente en barco ";" Emol.com"",2016-10-03,""lunes""";;;;;;
"8672,""85616"",""EMOL"",""2016-10-03 10:13:08"",""Nacional"",""El optimismo de Bachelet ante baja en las encuestas: En la calle ";me paso encontrando con el 15; ;" Emol.com"",2016-10-03,""lunes""";;;;
"8673,""85617"",""EMOL"",""2016-10-03 10:16:04"",""Tecnologia"",""Nuevo ";robot de compania; tiene la inteligencia de un nino de cinco anos ;" Emol.com"",2016-10-03,""lunes""";;;;
"8674,""85618"",""EMOL"",""2016-10-03 10:21:05"",""Economia"",""Cobre abre con perdidas en una semana marcada por el cierre de los mercados en China ";" Emol.com"",2016-10-03,""lunes""";;;;;;
"8675,""85619"",""LA TERCERA"",""2016-10-03 10:21:22"",""politica"",""Libro de educacion sexual: UDI presenta requerimiento por posibles irregularidades en licitacion"",2016-10-03,""lunes""";;;;;;;
"8676,""85620"",""DF"",""2016-10-03 10:21:27"",""Empresas"",""Mega imbatible: ahora supera a la BBC como el mejor canal para trabajar"",2016-10-03,""lunes""";;;;;;;
"8677,""85621"",""EMOL"",""2016-10-03 10:31:04"",""Nacional"",""Parte juicio contra seleccionado de basquetbol acusado de violar a menor de edad en juegos Odesur ";" Emol.com"",2016-10-03,""lunes""";;;;;;
"8678,""85622"",""EMOL"",""2016-10-03 10:32:07"",""Espectaculos"",""George R.R. Martin pospone el lanzamiento del sexto tomo de ";Cancion de hielo y fuego; ;" Emol.com"",2016-10-03,""lunes""";;;;
"8679,""85623"",""EMOL"",""2016-10-03 10:33:08"",""Tendencias"",""Politicos japoneses ";embarazados; llaman a los hombres a participar en las tareas domesticas ;" Emol.com"",2016-10-03,""lunes""";;;;
"8680,""85624"",""LA TERCERA"",""2016-10-03 10:36:22"",""entretencion"",""Lunes de comedia: Nuevas temporadas de las series Warner"",2016-10-03,""lunes""";;;;;;;
"8681,""85625"",""DF"",""2016-10-03 10:48:02"",""Empresas"",""Universidad Catolica de Chile obtiene su patente numero 100"",2016-10-03,""lunes""";;;;;;;
"8682,""85626"",""EMOL"",""2016-10-03 10:51:04"",""Deportes"",""Vidal se desmarca de Sanchez y Vargas y vuelve a insistir con que son ";Bicampeones de America; ;" Emol.com"",2016-10-03,""lunes""";;;;
"8683,""85627"",""LA TERCERA"",""2016-10-03 10:51:28"",""deportes"",""Nueva Copa Libertadores: Chile gano un cuarto cupo"",2016-10-03,""lunes""";;;;;;;
"8684,""85628"",""LA TERCERA"",""2016-10-03 10:52:30"",""deportes"",""Vidal repite la idea: 'Alla vamos Bicampeones'"",2016-10-03,""lunes""";;;;;;;
"8685,""85629"",""LA TERCERA"",""2016-10-03 10:53:32"",""mundo"",""Temer llega a Argentina en su primera visita oficial"",2016-10-03,""lunes""";;;;;;;
"8686,""85630"",""LA TERCERA"",""2016-10-03 10:54:34"",""entretencion"",""Aerosmith: El sentido del espectaculo"",2016-10-03,""lunes""";;;;;;;
"8687,""85631"",""LA TERCERA"",""2016-10-03 10:55:36"",""politica"",""#LTenVivo: ¿Por que el 96 de los candidatos a alcalde no se han incorporado al portal de transparencia?"",2016-10-03,""lunes""";;;;;;;
"8688,""85632"",""LA TERCERA"",""2016-10-03 10:56:21"",""nacional"",""Crisis en el Sename: Trabajadores se movilizan solicitando salida del director regional de Valparaiso"",2016-10-03,""lunes""";;;;;;;
"8689,""85633"",""EMOL"",""2016-10-03 11:01:04"",""Economia"",""Enagro comienza con criticas del presidente de la SNA a las reformas del Gobierno ";" Emol.com"",2016-10-03,""lunes""";;;;;;
"8690,""85634"",""EMOL"",""2016-10-03 11:06:04"",""Deportes"",""El duro y desafiante recibimiento que tuvo Jean Beausejour en su regreso al Monumental ";" Emol.com"",2016-10-03,""lunes""";;;;;;
"8691,""85635"",""LA TERCERA"",""2016-10-03 11:06:22"",""politica"",""Caso Corpesca: Formalizan a la empresa por soborno como persona juridica"",2016-10-03,""lunes""";;;;;;;
"8692,""85636"",""EMOL"",""2016-10-03 11:11:04"",""Nacional"",""Alumna de Diseno es la carta del PC para intentar recuperar la FECh despues de 5 anos ";" Emol.com"",2016-10-03,""lunes""";;;;;;
"8693,""85637"",""EMOL"",""2016-10-03 11:12:06"",""Tecnologia"",""A un dia de su estreno, filtran todos los detalles de los nuevos telefonos de Google ";" Emol.com"",2016-10-03,""lunes""";;;;;;
"8694,""85638"",""EMOL"",""2016-10-03 11:13:08"",""Nacional"",""La Moneda reforzara llamado a la responsabilidad fiscal ante criticos del Presupuesto 2017 ";" Emol.com"",2016-10-03,""lunes""";;;;;;
"8695,""85639"",""DF"",""2016-10-03 11:15:09"",""Empresas"",""Atakama Outdoor: Camping ligero y con sentido social"",2016-10-03,""lunes""";;;;;;;
"8696,""85640"",""LA TERCERA"",""2016-10-03 11:21:22"",""entretencion"",""Westworld: Creadores analizan la nueva serie de HBO"",2016-10-03,""lunes""";;;;;;;
"8697,""85641"",""EMOL"",""2016-10-03 11:26:04"",""Espectaculos"",""Ben Affleck defiende el tono oscuro de ";Batman vs. Superman: El origen de la Justicia; ;" Emol.com"",2016-10-03,""lunes""";;;;
"8698,""85642"",""EMOL"",""2016-10-03 11:27:07"",""Nacional"",""Las contradictorias versiones de la madre de la pareja de Garay en los programas de TV que llegaron a Rumania ";" Emol.com"",2016-10-03,""lunes""";;;;;;
"8699,""85643"",""EMOL"",""2016-10-03 11:41:04"",""Internacional"",""Victoria del ";No; en Colombia: ¿Cuales son las opciones de Santos y las FARC? ;" Emol.com"",2016-10-03,""lunes""";;;;
"8700,""85644"",""LA TERCERA"",""2016-10-03 11:41:21"",""entretencion"",""Teleton 2016: Prince Royce, Rio Roma y J. Balvin entre los primeros invitados"",2016-10-03,""lunes""";;;;;;;
"8701,""85645"",""EMOL"",""2016-10-03 11:42:08"",""Deportes"",""Gonzalo Lama sigue firme como el el numero uno de Chile en el ranking ATP ";" Emol.com"",2016-10-03,""lunes""";;;;;;
"8702,""85646"",""EMOL"",""2016-10-03 11:56:04"",""Nacional"",""Los detalles de la primera querella por estafa que Garay enfrenta en Santiago tras huir del pais ";" Emol.com"",2016-10-03,""lunes""";;;;;;
"8703,""85647"",""EMOL"",""2016-10-03 11:57:07"",""Economia"",""El No al acuerdo de paz en Colombia golpea al mercado local ante mayor incertidumbre ";" Emol.com"",2016-10-03,""lunes""";;;;;;
"8704,""85648"",""EMOL"",""2016-10-03 12:06:04"",""Tendencias"",""Hombre fue atacado dos veces por una osa enfurecida... y vivio para contarlo ";" Emol.com"",2016-10-03,""lunes""";;;;;;
"8705,""85649"",""LA TERCERA"",""2016-10-03 12:06:12"",""tendencias"",""Neil deGrasse Tyson prepara su priopio videojuego"",2016-10-03,""lunes""";;;;;;;
"8706,""85650"",""EMOL"",""2016-10-03 12:07:06"",""Nacional"",""Ricardo Lagos recalca que no pretendia imitar a Pinochet con polemica frase sobre ";los senores politicos; ;" Emol.com"",2016-10-03,""lunes""";;;;
"8707,""85651"",""LA TERCERA"",""2016-10-03 12:07:50"",""mundo"",""Jefe negociador del gobierno colombiano pone su cargo a disposicion tras triunfo del No"",2016-10-03,""lunes""";;;;;;;
"8708,""85652"",""EMOL"",""2016-10-03 12:11:04"",""Espectaculos"",""Bruno Mars estrenara nuevo single adelantandose al debut de su proximo album ";" Emol.com"",2016-10-03,""lunes""";;;;;;
"8709,""85653"",""EMOL"",""2016-10-03 12:21:04"",""Nacional"",""Proyecto que regularizara Uber: ¿Cuales son los requisitos para obtener licencia de conducir tipo A? ";" Emol.com"",2016-10-03,""lunes""";;;;;;
"8710,""85654"",""LA TERCERA"",""2016-10-03 12:21:22"",""entretencion"",""The Batman: Asi se llama el as bajo la manga de Ben Affleck y DC"",2016-10-03,""lunes""";;;;;;;
"8711,""85655"",""EMOL"",""2016-10-03 12:22:07"",""Tecnologia"",""Cinco anos de ALMA: El legado del radiotelescopio instalado en el desierto de Atacama ";" Emol.com"",2016-10-03,""lunes""";;;;;;
"8712,""85656"",""LA TERCERA"",""2016-10-03 12:22:24"",""entretencion"",""Creador de 'Archer' anuncia el fin de la serie"",2016-10-03,""lunes""";;;;;;;
"8713,""85657"",""EMOL"",""2016-10-03 12:23:09"",""Deportes"",""Seleccionado ecuatoriano y su confianza para el partido con Chile: ";Sabemos que vamos a ganar aca; ;" Emol.com"",2016-10-03,""lunes""";;;;
"8714,""85658"",""LA TERCERA"",""2016-10-03 12:23:26"",""politica"",""Cadem: Guillier anota leve alza y se ubica ocho puntos abajo de Sebastian Pinera"",2016-10-03,""lunes""";;;;;;;
"8715,""85659"",""EMOL"",""2016-10-03 12:24:10"",""Internacional"",""Jefe negociador del Gobierno en acuerdo de paz con las FARC pone cargo a disposicion de Santos ";" Emol.com"",2016-10-03,""lunes""";;;;;;
"8716,""85660"",""EMOL"",""2016-10-03 12:31:04"",""Deportes"",""Hasta en su pais son duros con Ter Stegen: ";Es un arrogante, hizo el ridiculo; ;" Emol.com"",2016-10-03,""lunes""";;;;
"8717,""85661"",""EMOL"",""2016-10-03 12:32:07"",""Nacional"",""Fiscalia formaliza a empresa Corpesca por presunta responsabilidad en actos de corrupcion ";" Emol.com"",2016-10-03,""lunes""";;;;;;
"8718,""85662"",""LA TERCERA"",""2016-10-03 12:36:21"",""mundo"",""Farc dispuestas a 'rectificar' el acuerdo de paz que fue rechazado en el plebiscito"",2016-10-03,""lunes""";;;;;;;
"8719,""85663"",""EMOL"",""2016-10-03 12:41:04"",""Economia"",""Bachelet pide ";cambiar el switch;: ;A Chile no le hace bien que se encuentre todo mal; ;" Emol.com"",2016-10-03,""lunes""";;
"8720,""85664"",""EMOL"",""2016-10-03 12:56:05"",""Internacional"",""Siria: Al menos seis muertos en bombardeo al mayor hospital del este de Alepo ";" Emol.com"",2016-10-03,""lunes""";;;;;;
"8721,""85665"",""EMOL"",""2016-10-03 12:57:07"",""Nacional"",""Ministro Diaz respalda dichos de Bachelet sobre encuestas: ?Es tiempo de optimismo? ";" Emol.com"",2016-10-03,""lunes""";;;;;;
"8722,""85666"",""EMOL"",""2016-10-03 13:01:04"",""Espectaculos"",""Confirman a los primeros artistas que se presentaran en la Teleton 2016 ";" Emol.com"",2016-10-03,""lunes""";;;;;;
"8723,""85667"",""EMOL"",""2016-10-03 13:11:03"",""Deportes"",""Ex dirigido por Manuel Pellegrini lo culpo por su rendimiento: ";No podia pasarme a nadie; ;" Emol.com"",2016-10-03,""lunes""";;;;
"8724,""85668"",""EMOL"",""2016-10-03 13:16:04"",""Nacional"",""Abstencion, el fenomeno global que influyo en Colombia y que podria impactar en las municipales chilenas ";" Emol.com"",2016-10-03,""lunes""";;;;;;
"8725,""85669"",""EMOL"",""2016-10-03 13:21:04"",""Tecnologia"",""Corte ordena a Apple pagar 302 millones de dolares por infraccion de patentes ";" Emol.com"",2016-10-03,""lunes""";;;;;;
"8726,""85670"",""EMOL"",""2016-10-03 13:26:04"",""Espectaculos"",""Camara con la que Alberto Korda fotografio al Che Guevara es subastada en US$ 20 mil ";" Emol.com"",2016-10-03,""lunes""";;;;;;
"8727,""85671"",""EMOL"",""2016-10-03 13:31:04"",""Nacional"",""Vientos y olas de hasta cuatro metros afectaran al litoral central durante esta semana ";" Emol.com"",2016-10-03,""lunes""";;;;;;
"8728,""85672"",""EMOL"",""2016-10-03 13:41:04"",""Nacional"",""Municipalidad de Santiago descarta consideraciones politicas en licitacion de polemico libro se sexualidad ";" Emol.com"",2016-10-03,""lunes""";;;;;;
"8729,""85673"",""EMOL"",""2016-10-03 13:42:07"",""Nacional"",""Presidente del PPD dice que intentara evitar renuncia de diputados Jimenez y Campos ";" Emol.com"",2016-10-03,""lunes""";;;;;;
"8730,""85674"",""EMOL"",""2016-10-03 13:46:05"",""Economia"",""";Semana de la Pyme;: Los nuevos programas de servicios financieros para emprendedores ;" Emol.com"",2016-10-03,""lunes""";;;;
"8731,""85675"",""EMOL"",""2016-10-03 13:56:04"",""Economia"",""Hacienda estima PIB de 2,25 para 2017 y descarta uso de fondos soberanos para financiar deficit ";" Emol.com"",2016-10-03,""lunes""";;;;;;
"8732,""85676"",""EMOL"",""2016-10-03 14:06:04"",""Deportes"",""El ";nuevo; Colo Colo de Guede que se juramenta ;pelear el titulo; y ;ser protagonista; ;" Emol.com"",2016-10-03,""lunes"""
"8733,""85677"",""LA TERCERA"",""2016-10-03 14:06:22"",""tendencias"",""Investigadores descubren nuevo tiburon cercano al Megalodon"",2016-10-03,""lunes""";;;;;;;
"8734,""85678"",""EMOL"",""2016-10-03 14:07:06"",""Economia"",""Dolar revierte perdidas iniciales y cierra la jornada con alza tras datos manufactureros de EE.UU. ";" Emol.com"",2016-10-03,""lunes""";;;;;;
"8735,""85679"",""LA TERCERA"",""2016-10-03 14:07:24"",""negocios"",""Ministro Valdes: 'El plan que tenemos hoy dia es no tocar el FEES'"",2016-10-03,""lunes""";;;;;;;
"8736,""85680"",""LA TERCERA"",""2016-10-03 14:08:25"",""entretencion"",""Asi fue el accidente de Lindsay Lohan donde casi pierde un dedo"",2016-10-03,""lunes""";;;;;;;
"8737,""85681"",""LA TERCERA"",""2016-10-03 14:09:27"",""politica"",""Crean plataforma para limpiar calles y reducir costo de propaganda electoral"",2016-10-03,""lunes""";;;;;;;
"8738,""85682"",""LA TERCERA"",""2016-10-03 14:10:29"",""nacional"",""Gobierno se querellara por muerte de guardia tras asalto en supermercado en Las Condes"",2016-10-03,""lunes""";;;;;;;
"8739,""85683"",""EMOL"",""2016-10-03 14:11:06"",""Espectaculos"",""Protagonista de la serie ";Arma Mortal;: ;Es un guion unico, pero en el mismo tono de la pelicula original; ;" Emol.com"",2016-10-03,""lunes""";;
"8740,""85684"",""LA TERCERA"",""2016-10-03 14:11:30"",""nacional"",""Alumna de diseno es la carta del PC para liderar la Fech"",2016-10-03,""lunes""";;;;;;;
"8741,""85685"",""LA TERCERA"",""2016-10-03 14:12:32"",""deportes"",""Ingleses lapidan a Claudio Bravo y piden retorno de Joe Hart al City"",2016-10-03,""lunes""";;;;;;;
"8742,""85686"",""LA TERCERA"",""2016-10-03 14:13:34"",""deportes"",""Cinco errores de Ter Stegen por los que en Barcelona recuerdan a Bravo"",2016-10-03,""lunes""";;;;;;;
"8743,""85687"",""LA TERCERA"",""2016-10-03 14:14:36"",""entretencion"",""Bruno Mars anuncia nuevo single"",2016-10-03,""lunes""";;;;;;;
"8744,""85688"",""LA TERCERA"",""2016-10-03 14:15:38"",""cultura"",""Celebracion contempla 20 conciertos simultaneos"",2016-10-03,""lunes""";;;;;;;
"8745,""85689"",""EMOL"",""2016-10-03 14:21:04"",""Tecnologia"",""Reconocido astrofisico presenta videojuego que permite explorar el universo ";" Emol.com"",2016-10-03,""lunes""";;;;;;
"8746,""85690"",""EMOL"",""2016-10-03 14:26:05"",""Tendencias"",""Pareja se llevo la impresion de su vida al descubrir inesperado parentesco ";" Emol.com"",2016-10-03,""lunes""";;;;;;
"8747,""85691"",""LA TERCERA"",""2016-10-03 14:26:22"",""tendencias"",""Como el mecanismo ganador del Nobel puede ayudar a un envejecimiento saludable"",2016-10-03,""lunes""";;;;;;;
"8748,""85692"",""EMOL"",""2016-10-03 14:31:04"",""Economia"",""G-20 se reune esta semana para debatir sobre los riesgos del crecimiento economico mundial ";" Emol.com"",2016-10-03,""lunes""";;;;;;
"8749,""85693"",""LA TERCERA"",""2016-10-03 14:36:29"",""negocios"",""Las claves del Tratado de Libre Comercio entre Chile y Uruguay"",2016-10-03,""lunes""";;;;;;;
"8750,""85694"",""LA TERCERA"",""2016-10-03 14:41:25"",""deportes"",""Luis Pedro Figueroa dijo quien fue la figura en el Superclasico"",2016-10-03,""lunes""";;;;;;;
"8751,""85695"",""EMOL"",""2016-10-03 14:46:04"",""Espectaculos"",""Trent Reznor y Atticus Ross musicalizaran pelicula sobre atentado en Boston ";" Emol.com"",2016-10-03,""lunes""";;;;;;
"8752,""85696"",""LA TERCERA"",""2016-10-03 14:46:25"",""deportes"",""Quintanilla es septimo en la primera etapa del Rally de Marruecos"",2016-10-03,""lunes""";;;;;;;
"8753,""85697"",""EMOL"",""2016-10-03 14:51:04"",""Internacional"",""Estados Unidos suspende dialogo con Rusia sobre alto al fuego en Siria ";" Emol.com"",2016-10-03,""lunes""";;;;;;
"8754,""85698"",""LA TERCERA"",""2016-10-03 14:51:26"",""nacional"",""Libro de educacion sexual: Santiago asegura que no hubo irregularidades en el proceso de licitacion"",2016-10-03,""lunes""";;;;;;;
"8755,""85699"",""EMOL"",""2016-10-03 14:56:05"",""Internacional"",""Justicia de Nueva York ordena que Fundacion Trump deje de solicitar donaciones ";" Emol.com"",2016-10-03,""lunes""";;;;;;
"8756,""85700"",""EMOL"",""2016-10-03 15:01:04"",""Internacional"",""Las FARC anuncian que mantendran el alto al fuego definitvo en Colombia tras plebiscito ";" Emol.com"",2016-10-03,""lunes""";;;;;;
"8757,""85701"",""EMOL"",""2016-10-03 15:06:04"",""Espectaculos"",""No solo Kim Kardashian: Otros artistas que han sido victimas de agresiones o asaltos ";" Emol.com"",2016-10-03,""lunes""";;;;;;
"8758,""85702"",""LA TERCERA"",""2016-10-03 15:06:22"",""deportes"",""En Bolivia temen perdida de puntos por Nelson Cabrera"",2016-10-03,""lunes""";;;;;;;
"8759,""85703"",""EMOL"",""2016-10-03 15:11:04"",""Nacional"",""Debate virtual: Con que propuestas los candidatos de Providencia buscan lograr la alcaldia ";" Emol.com"",2016-10-03,""lunes""";;;;;;
"8760,""85704"",""EMOL"",""2016-10-03 15:16:05"",""Tecnologia"",""Facebook Messenger estrena una version para equipos mas antiguos y menos poderosos ";" Emol.com"",2016-10-03,""lunes""";;;;;;
"8761,""85705"",""EMOL"",""2016-10-03 15:21:04"",""Deportes"",""Pablo Quintanilla arribo en el septimo lugar de la primera etapa en el Rally de Marruecos ";" Emol.com"",2016-10-03,""lunes""";;;;;;
"8762,""85706"",""LA TERCERA"",""2016-10-03 15:21:21"",""mundo"",""Farc anuncia que mantendra cese al fuego bilateral pese a triunfo del No"",2016-10-03,""lunes""";;;;;;;
"8763,""85707"",""EMOL"",""2016-10-03 15:26:04"",""Economia"",""La libra marca minimo de tres anos frente al euro por la cercania del Brexit ";" Emol.com"",2016-10-03,""lunes""";;;;;;
"8764,""85708"",""LA TERCERA"",""2016-10-03 15:36:28"",""portada"",""#LTenVivo: El diputado Jose Manuel Edwards explica las razones de su renuncia a RN"",2016-10-03,""lunes""";;;;;;;
"8765,""85709"",""LA TERCERA"",""2016-10-03 15:41:23"",""entretencion"",""Cecilia regresa a los escenarios con show en el Caupolican"",2016-10-03,""lunes""";;;;;;;
"8766,""85710"",""EMOL"",""2016-10-03 15:51:04"",""Tendencias"",""Policia india arresta a curioso ";sospechoso; y lo acusa de colaborar con espias paquistanies ;" Emol.com"",2016-10-03,""lunes""";;;;
"8767,""85711"",""LA TERCERA"",""2016-10-03 15:51:23"",""tendencias"",""Google presentara este martes sus nuevos telefonos inteligentes"",2016-10-03,""lunes""";;;;;;;
"8768,""85712"",""EMOL"",""2016-10-03 15:56:04"",""Deportes"",""ANFP confirma que estudia impugnar partido con Bolivia por problemas en nacionalizacion de un rival ";" Emol.com"",2016-10-03,""lunes""";;;;;;
"8769,""85713"",""EMOL"",""2016-10-03 16:01:04"",""Espectaculos"",""Daniel Radcliffe revela peculiar consejo que le dio Donald Trump cuando era nino ";" Emol.com"",2016-10-03,""lunes""";;;;;;
"8770,""85714"",""EMOL"",""2016-10-03 16:06:04"",""Economia"",""Valdes: Tenemos una deuda que tiene espacio para crecer, pero no puede hacerlo infinitamente ";" Emol.com"",2016-10-03,""lunes""";;;;;;
"8771,""85715"",""LA TERCERA"",""2016-10-03 16:06:22"",""mundo"",""#LTenVivo: Desde Colombia, analizamos el sorpresivo triunfo del 'No' al acuerdo de paz con las Farc"",2016-10-03,""lunes""";;;;;;;
"8772,""85716"",""EMOL"",""2016-10-03 16:11:04"",""Tecnologia"",""La autofagia como una clave para el envejecimiento saludable ";" Emol.com"",2016-10-03,""lunes""";;;;;;
"8773,""85717"",""LA TERCERA"",""2016-10-03 16:11:21"",""politica"",""En que consiste la ley que perfecciona el Sistema de Alta Direccion Publica"",2016-10-03,""lunes""";;;;;;;
"8774,""85718"",""EMOL"",""2016-10-03 16:16:04"",""Nacional"",""Gobierno se querella por crimen de guardia de seguridad y multa a supermercado por incumplir reglas ";" Emol.com"",2016-10-03,""lunes""";;;;;;
"8775,""85719"",""LA TERCERA"",""2016-10-03 16:21:21"",""nacional"",""Ministra de Salud presenta avances del nuevo hospital Exequiel Gonzalez Cortes"",2016-10-03,""lunes""";;;;;;;
"8776,""85720"",""LA TERCERA"",""2016-10-03 16:26:22"",""deportes"",""Bolivia sera la sede de la Copa Libertadores 2017 de futbol playa"",2016-10-03,""lunes""";;;;;;;
"8777,""85721"",""EMOL"",""2016-10-03 16:31:05"",""Economia"",""Parque Arauco invierte US$200 millones en una nueva etapa de expansion en mall de Santiago ";" Emol.com"",2016-10-03,""lunes""";;;;;;
"8778,""85722"",""LA TERCERA"",""2016-10-03 16:36:21"",""politica"",""#LTenVivo: El analisis de la entrevista de Ricardo Lagos y la presidencializacion de las municipales"",2016-10-03,""lunes""";;;;;;;
"8779,""85723"",""LA TERCERA"",""2016-10-03 16:41:23"",""deportes"",""En Peru ya calientan duelo ante Chile usando a Sampaoli"",2016-10-03,""lunes""";;;;;;;
"8780,""85724"",""LA TERCERA"",""2016-10-03 16:46:23"",""deportes"",""Beccacece y su despido: 'Este semestre se estaban haciendo las cosas bien'"",2016-10-03,""lunes""";;;;;;;
"8781,""85725"",""EMOL"",""2016-10-03 16:51:04"",""Economia"",""Maduro considera precio del petroleo ";sigue siendo bajo; tras acuerdo en OPEP ;" Emol.com"",2016-10-03,""lunes""";;;;
"8782,""85726"",""LA TERCERA"",""2016-10-03 16:51:22"",""deportes"",""Infantino abre posibilidad para un mundial de 48 equipos en 2026"",2016-10-03,""lunes""";;;;;;;
"8783,""85727"",""EMOL"",""2016-10-03 16:56:04"",""Espectaculos"",""Benedict Cumberbatch sugiere que el proximo ciclo de ";Sherlock; podria ser el ultimo ;" Emol.com"",2016-10-03,""lunes""";;;;
"8784,""85728"",""EMOL"",""2016-10-03 17:01:04"",""Nacional"",""A tres meses de ingresar a la carcel, socia de IM Forex pide revocar su prision preventiva ";" Emol.com"",2016-10-03,""lunes""";;;;;;
"8785,""85729"",""EMOL"",""2016-10-03 17:06:05"",""Nacional"",""Corte paraliza temporalmente vacunacion contra papiloma humano en Talca ";" Emol.com"",2016-10-03,""lunes""";;;;;;
"8786,""85730"",""LA TERCERA"",""2016-10-03 17:06:31"",""nacional"",""El rol de los padres ante el complejo escenario que evidencio el Simce de escritura"",2016-10-03,""lunes""";;;;;;;
"8787,""85731"",""EMOL"",""2016-10-03 17:11:04"",""Internacional"",""Decepcion y apoyo al dialogo: Las reacciones al triunfo del ";No; en Colombia ;" Emol.com"",2016-10-03,""lunes""";;;;
"8788,""85732"",""LA TERCERA"",""2016-10-03 17:11:26"",""deportes"",""Chile destaca en los sudamericanos de hockey cesped"",2016-10-03,""lunes""";;;;;;;
"8789,""85733"",""EMOL"",""2016-10-03 17:16:03"",""Deportes"",""Manuel Astorga, ex PF de Colo Colo: ";El trabajo realizado por Beccacece y Bonini en la U fue deplorable; ;" Emol.com"",2016-10-03,""lunes""";;;;
"8790,""85734"",""LA TERCERA"",""2016-10-03 17:16:26"",""tendencias"",""Astronoma chilena premiada con importante galardon internacional"",2016-10-03,""lunes""";;;;;;;
"8791,""85735"",""EMOL"",""2016-10-03 17:21:05"",""Tecnologia"",""El zika persiste por mas tiempo en fluidos corporales que en la sangre ";" Emol.com"",2016-10-03,""lunes""";;;;;;
"8792,""85736"",""LA TERCERA"",""2016-10-03 17:21:21"",""negocios"",""'Semana de la Pyme': Presidenta Bachelet hace un llamado a 'cambiar el switch'"",2016-10-03,""lunes""";;;;;;;
"8793,""85737"",""EMOL"",""2016-10-03 17:26:04"",""Economia"",""Bolsa de Santiago anota leve recuperacion tras un negativo septiembre ";" Emol.com"",2016-10-03,""lunes""";;;;;;
"8794,""85738"",""LA TERCERA"",""2016-10-03 17:26:23"",""deportes"",""LeBron James entrego su apoyo a Hillary Clinton"",2016-10-03,""lunes""";;;;;;;
"8795,""85739"",""EMOL"",""2016-10-03 17:31:04"",""Nacional"",""¿Cambio de estrategia en La Moneda?: Expertos analizan el nuevo ";positivismo; del Gobierno ;" Emol.com"",2016-10-03,""lunes""";;;;
"8796,""85740"",""LA TERCERA"",""2016-10-03 17:31:23"",""deportes"",""La firme opinion de Solabarrieta sobre los jefes de las barras"",2016-10-03,""lunes""";;;;;;;
"8797,""85741"",""EMOL"",""2016-10-03 17:36:04"",""Deportes"",""Bielsa reaparece en publico para dar ";clase magistral; sobre sus metodos de entrenamiento ;" Emol.com"",2016-10-03,""lunes""";;;;
"8798,""85742"",""EMOL"",""2016-10-03 17:41:04"",""Espectaculos"",""Conductor de ";Manos al fuego; cuenta las tecnicas que uso para no ;desenmascarar; al programa ;" Emol.com"",2016-10-03,""lunes""";;
"8799,""85743"",""EMOL"",""2016-10-03 17:46:04"",""Internacional"",""João Doria Jr., el empresario y rostro de TV que le arrebato la alcaldia de Sao Paulo al PT ";" Emol.com"",2016-10-03,""lunes""";;;;;;
"8800,""85744"",""LA TERCERA"",""2016-10-03 17:56:22"",""nacional"",""Anfp y Movilh firman historico acuerdo contra discriminacion en el futbol"",2016-10-03,""lunes""";;;;;;;
"8801,""85745"",""EMOL"",""2016-10-03 18:01:04"",""Nacional"",""Sename confirma la muerte de 616 ninos a cargo del organismo en ultimos once anos ";" Emol.com"",2016-10-03,""lunes""";;;;;;
"8802,""85746"",""EMOL"",""2016-10-03 18:06:04"",""Espectaculos"",""Tim Burton retoma su mundo oscuro y de fantasia con ";Miss Peregrine y los ninos peculiares; ;" Emol.com"",2016-10-03,""lunes""";;;;
"8803,""85747"",""LA TERCERA"",""2016-10-03 18:06:21"",""deportes"",""Valencia: 'Es una posibilidad muy linda la de estar en la Seleccion'"",2016-10-03,""lunes""";;;;;;;
"8804,""85748"",""EMOL"",""2016-10-03 18:11:04"",""Nacional"",""Comenzo la inscripcion para estudiantes que quieran acceder a la gratuidad en 2017 ";" Emol.com"",2016-10-03,""lunes""";;;;;;
"8805,""85749"",""LA TERCERA"",""2016-10-03 18:11:23"",""deportes"",""Revive los Remates Directos de hoy"",2016-10-03,""lunes""";;;;;;;
"8806,""85750"",""EMOL"",""2016-10-03 18:16:04"",""Nacional"",""Temor a la abstencion en las municipales abre debate por escaso ambiente electoral ";" Emol.com"",2016-10-03,""lunes""";;;;;;
"8807,""85751"",""LA TERCERA"",""2016-10-03 18:16:24"",""deportes"",""Figueroa analizo lo que ha pasado con Guede en Colo Colo"",2016-10-03,""lunes""";;;;;;;
"8808,""85752"",""LA TERCERA"",""2016-10-03 18:21:23"",""deportes"",""Chile evalua impugnar a Bolivia y quedarse con los puntos"",2016-10-03,""lunes""";;;;;;;
"8809,""85753"",""EMOL"",""2016-10-03 18:26:04"",""Deportes"",""El argentino Mauro Vigliano arbitrara el duelo de Chile ante Ecuador por las Clasificatorias ";" Emol.com"",2016-10-03,""lunes""";;;;;;
"8810,""85754"",""LA TERCERA"",""2016-10-03 18:26:38"",""deportes"",""Sampaoli ya pago"",2016-10-03,""lunes""";;;;;;;
"8811,""85755"",""EMOL"",""2016-10-03 18:31:04"",""Nacional"",""Al menos 10 lesionados deja accidente vehicular en Temuco ";" Emol.com"",2016-10-03,""lunes""";;;;;;
"8812,""85756"",""LA TERCERA"",""2016-10-03 18:31:25"",""deportes"",""Garin avanzo seis puestos en el ranking ATP"",2016-10-03,""lunes""";;;;;;;
"8813,""85757"",""EMOL"",""2016-10-03 18:36:04"",""Economia"",""Micco y cambios al Codigo de Aguas: Proyecto no busca realizar expropiaciones ";" Emol.com"",2016-10-03,""lunes""";;;;;;
"8814,""85758"",""LA TERCERA"",""2016-10-03 18:36:23"",""tendencias"",""Proximo iPhone podria incluir vidrio y acero"",2016-10-03,""lunes""";;;;;;;
"8815,""85759"",""LA TERCERA"",""2016-10-03 18:41:29"",""deportes"",""Barraza y Sanhueza ganan el primer Cross Triatlon Merrel"",2016-10-03,""lunes""";;;;;;;
"8816,""85760"",""LA TERCERA"",""2016-10-03 18:46:25"",""tendencias"",""El estres vivido en la infancia acelera el envejecimiento, segun estudio"",2016-10-03,""lunes""";;;;;;;
"8817,""85761"",""LA TERCERA"",""2016-10-03 18:51:27"",""entretencion"",""Revisa la programacion del Dia de la Musica Chilena"",2016-10-03,""lunes""";;;;;;;
"8818,""85762"",""LA TERCERA"",""2016-10-03 18:56:28"",""deportes"",""El triunfo de Colo Colo en el Superclasico se tomo el programa"",2016-10-03,""lunes""";;;;;;;
"8819,""85763"",""EMOL"",""2016-10-03 19:01:04"",""Deportes"",""Sevilla cancelo el millon de dolares que el DT Jorge Sampaoli le adeudaba a la ANFP ";" Emol.com"",2016-10-03,""lunes""";;;;;;
"8820,""85764"",""LA TERCERA"",""2016-10-03 19:01:30"",""tendencias"",""La Nasa entrega detalles de su nuevo rover: busca agua y combustible"",2016-10-03,""lunes""";;;;;;;
"8821,""85765"",""EMOL"",""2016-10-03 19:06:04"",""Internacional"",""Las encuestas, el otro perdedor que dejo el plebiscito en Colombia ";" Emol.com"",2016-10-03,""lunes""";;;;;;
"8822,""85766"",""LA TERCERA"",""2016-10-03 19:06:33"",""entretencion"",""La revelacion de Goku y su relacion con Milk que sorprendio en ultimo capitulo de 'Dragon Ball Super'"",2016-10-03,""lunes""";;;;;;;
"8823,""85767"",""LA TERCERA"",""2016-10-03 19:21:22"",""nacional"",""Corte Suprema anula consejo de guerra que condeno a companeros del padre de Bachelet"",2016-10-03,""lunes""";;;;;;;
"8824,""85768"",""EMOL"",""2016-10-03 19:36:05"",""Nacional"",""Diputada Sabat y muertes en el Sename: ";Debe darnos vergüenza como pais; ;" Emol.com"",2016-10-03,""lunes""";;;;
"8825,""85769"",""LA TERCERA"",""2016-10-03 19:41:23"",""nacional"",""Fiscalia amplia a Vitacura investigacion por el caso Basura"",2016-10-03,""lunes""";;;;;;;
"8826,""85770"",""LA TERCERA"",""2016-10-03 19:51:22"",""deportes"",""El capitan se suma en silencio"",2016-10-03,""lunes""";;;;;;;
"8827,""85771"",""LA TERCERA"",""2016-10-03 19:56:22"",""nacional"",""Lagos Weber dice que cambios a Ley del Cobre se haran en siguiente gobierno"",2016-10-03,""lunes""";;;;;;;
"8828,""85772"",""EMOL"",""2016-10-03 20:01:03"",""Deportes"",""Determinante, pese a no marcar: La estadistica con la que Alexis Sanchez brilla en la Premier League ";" Emol.com"",2016-10-03,""lunes""";;;;;;
"8829,""85773"",""LA TERCERA"",""2016-10-03 20:06:23"",""mundo"",""Presidente Santos anuncia nuevo dialogo de paz para terminar conflicto con Farc"",2016-10-03,""lunes""";;;;;;;
"8830,""85774"",""LA TERCERA"",""2016-10-03 20:11:33"",""deportes"",""Chile no podra impugnar a Bolivia por no reclamar 24 horas despues del encuentro"",2016-10-03,""lunes""";;;;;;;
"8831,""85775"",""EMOL"",""2016-10-03 20:16:04"",""Internacional"",""Huracan Matthew cobra primeras victimas en Haiti y amenaza a Cuba ";" Emol.com"",2016-10-03,""lunes""";;;;;;
"8832,""85776"",""LA TERCERA"",""2016-10-03 20:21:24"",""deportes"",""ANFP decide finalmente impugnar a Bolivia por Nelson Cabrera"",2016-10-03,""lunes""";;;;;;;
"8833,""85777"",""EMOL"",""2016-10-03 20:26:04"",""Nacional"",""Minsal impugnara orden de Corte de Talca contra vacuna del papiloma humano ";" Emol.com"",2016-10-03,""lunes""";;;;;;
"8834,""85778"",""EMOL"",""2016-10-03 20:36:04"",""Deportes"",""Bravo esta de vuelta: Ya llego a Guayaquil y la ";Roja; se sigue armando para el duelo ante Ecuador ;" Emol.com"",2016-10-03,""lunes""";;;;
"8835,""85779"",""EMOL"",""2016-10-03 21:01:04"",""Internacional"",""Tras perder plebiscito, Santos abre nuevo dialogo de paz para terminar conflicto con las Farc ";" Emol.com"",2016-10-03,""lunes""";;;;;;
"8836,""85780"",""EMOL"",""2016-10-03 21:21:04"",""Deportes"",""ANFP confirma que impugnara partido con Bolivia por nacionalizacion Nelson Cabrera ";" Emol.com"",2016-10-03,""lunes""";;;;;;
"8837,""85781"",""EMOL"",""2016-10-03 21:22:06"",""Deportes"",""Detienen a Jeisson Vargas por amenazas de muerte contra un conductor en Penalolen ";" Emol.com"",2016-10-03,""lunes""";;;;;;
"8838,""85782"",""EMOL"",""2016-10-03 22:06:12"",""Tendencias"",""Demandan a diputado que propuso insolito requisito para que egipcias puedan entrar a la universidad ";" Emol.com"",2016-10-03,""lunes""";;;;;;
"8839,""85783"",""EMOL"",""2016-10-03 22:07:14"",""Nacional"",""Investigan abuso sexual a hermanas de 4 y 6 anos en hogar de menores ";" Emol.com"",2016-10-03,""lunes""";;;;;;
"8840,""85784"",""EMOL"",""2016-10-03 22:11:04"",""Deportes"",""Ecuador no se fia de las ausencias de Chile: ";Es una seleccion muy fuerte y respetada; ;" Emol.com"",2016-10-03,""lunes""";;;;
"8841,""85785"",""EMOL"",""2016-10-03 22:46:05"",""Deportes"",""Bolivia minimiza el riesgo de sancion tras reclamo de Chile por alineacion indebida de Nelson Cabrera ";" Emol.com"",2016-10-03,""lunes""";;;;;;
"8842,""85786"",""EMOL"",""2016-10-03 22:51:04"",""Espectaculos"",""";Westworld; consigue el mejor estreno para HBO desde ;True Detective; ;" Emol.com"",2016-10-03,""lunes""";;
"8843,""85787"",""EMOL"",""2016-10-03 23:06:04"",""Deportes"",""Vidal llega a Ecuador en medio de duro y enigmatico mensaje en redes: ";Cria cuervos y te sacaran los ojos; ;" Emol.com"",2016-10-03,""lunes""";;;;
"8844,""85788"",""EMOL"",""2016-10-03 23:21:04"",""Nacional"",""En prision quedaron los 3 detenidos por muerte de guardia de supermercado ";" Emol.com"",2016-10-03,""lunes""";;;;;;
"8845,""85789"",""LA TERCERA"",""2016-10-03 23:36:23"",""politica"",""PPD plantea nuevas reformas tributaria y laboral en documento programatico"",2016-10-03,""lunes""";;;;;;;
"8846,""85790"",""LA TERCERA"",""2016-10-03 23:37:26"",""politica"",""Bachelet transmite inquietud por posible abstencion en elecciones municipales"",2016-10-03,""lunes""";;;;;;;
"8847,""85791"",""LA TERCERA"",""2016-10-03 23:38:28"",""deportes"",""Jorge Valdivia entrena por primera vez con la Roja de Pizzi"",2016-10-03,""lunes""";;;;;;;
"8848,""85792"",""LA TERCERA"",""2016-10-03 23:39:30"",""negocios"",""Pavez no comparte 'para nada' fallo del TC que redujo multa en caso cascadas"",2016-10-03,""lunes""";;;;;;;
"8849,""85793"",""LA TERCERA"",""2016-10-03 23:40:32"",""politica"",""La Nacion: Suprema rechaza recurso de CDE y obliga al Fisco a pagar $5.600 millones"",2016-10-03,""lunes""";;;;;;;
"8850,""85794"",""LA TERCERA"",""2016-10-03 23:41:34"",""mundo"",""Cuba evacua a unas 316.000 personas por amenaza de huracan Matthew"",2016-10-03,""lunes""";;;;;;;
"8851,""85795"",""LA TERCERA"",""2016-10-03 23:42:36"",""negocios"",""BCI, Santander y Latam lideran ranking de transparencia corporativa"",2016-10-03,""lunes""";;;;;;;
"8852,""85796"",""LA TERCERA"",""2016-10-03 23:43:39"",""nacional"",""Presunta estafa de Rafael Garay supera los $ 1.600 millones"",2016-10-03,""lunes""";;;;;;;
"8853,""85797"",""LA TERCERA"",""2016-10-03 23:44:40"",""nacional"",""Corte de Talca acogio recurso de proteccion y paralizo vacuna contra papiloma"",2016-10-03,""lunes""";;;;;;;
"8854,""85798"",""LA TERCERA"",""2016-10-03 23:45:42"",""deportes"",""Detienen a Jeisson Vargas por amenazas de muerte"",2016-10-03,""lunes""";;;;;;;
"8855,""85799"",""LA TERCERA"",""2016-10-03 23:51:21"",""nacional"",""Paulina Saball, ministra de Vivienda: 'En lo esencial, la reconstruccion del 27/F va a quedar cerrada este ano'"",2016-10-03,""lunes""";;;;;;;
"9964,""86905"",""EMOL"",""2016-10-10 00:36:04"",""Nacional"",""Ministra Pascual condeno nuevo femicidio registrado este domingo en Colina ";" Emol.com"",2016-10-10,""lunes""";;;;;;
"9965,""86906"",""EMOL"",""2016-10-10 00:56:03"",""Internacional"",""Entre polemicas y ataques: Trump y Clinton se enfrentan por segunda vez en duro debate presidencial ";" Emol.com"",2016-10-10,""lunes""";;;;;;
"9966,""86907"",""EMOL"",""2016-10-10 01:51:04"",""Internacional"",""Revisa las mejores frases que dejo el debate presidencial estadounidense ";" Emol.com"",2016-10-10,""lunes""";;;;;;
"9967,""86908"",""EMOL"",""2016-10-10 05:31:04"",""Internacional"",""Policia alemana detiene al presunto terrorista sirio fugado al que consideraba ";peligroso; ;" Emol.com"",2016-10-10,""lunes""";;;;
"9968,""86909"",""EMOL"",""2016-10-10 05:41:04"",""Economia"",""AIE: Eficiencia energetica desde el ano 2000 ha permitido ahorrar un 13 del consumo ";" Emol.com"",2016-10-10,""lunes""";;;;;;
"9969,""86910"",""EMOL"",""2016-10-10 06:01:04"",""Economia"",""Gigante electronico Alibaba invierte en firma de Spielberg que incluye DreamWorks ";" Emol.com"",2016-10-10,""lunes""";;;;;;
"9970,""86911"",""EMOL"",""2016-10-10 06:11:04"",""Internacional"",""Gorbachov urge a recuperar el dialogo nuclear entre Rusia y EE.UU. ";" Emol.com"",2016-10-10,""lunes""";;;;;;
"9971,""86912"",""EMOL"",""2016-10-10 06:36:04"",""Internacional"",""Corea del Norte alaba la figura de Kim Jong-un en el aniversario del partido unico ";" Emol.com"",2016-10-10,""lunes""";;;;;;
"9972,""86913"",""EMOL"",""2016-10-10 06:56:04"",""Economia"",""En Reino Unido advierten que un ";Brexit duro; puede afectar a la economia britanica ;" Emol.com"",2016-10-10,""lunes""";;;;
"9973,""86914"",""EMOL"",""2016-10-10 07:06:05"",""Internacional"",""Frente a frente: Las propuestas claves del segundo debate entre Hillary Clinton y Donald Trump ";" Emol.com"",2016-10-10,""lunes""";;;;;;
"9974,""86915"",""EMOL"",""2016-10-10 07:11:04"",""Economia"",""¿Por que en EE.UU. hay tantos hombres entre 25 y 54 anos que no trabajan? ";" Emol.com"",2016-10-10,""lunes""";;;;;;
"9975,""86916"",""EMOL"",""2016-10-10 07:41:13"",""Economia"",""Un britanico y un finlandes ganan Premio Nobel de Economia por contribuir a la teoria de contratos ";" Emol.com"",2016-10-10,""lunes""";;;;;;
"9976,""86917"",""EMOL"",""2016-10-10 07:46:04"",""Internacional"",""La ONU asegura a gobiernos que pena de muerte es inutil contra el terrorismo ";" Emol.com"",2016-10-10,""lunes""";;;;;;
"9977,""86918"",""EMOL"",""2016-10-10 07:56:04"",""Tecnologia"",""China nombra a Yao Ming y otros famosos del pais sus ";embajadores en Marte; ;" Emol.com"",2016-10-10,""lunes""";;;;
"9978,""86919"",""EMOL"",""2016-10-10 08:21:05"",""Internacional"",""Francia pedira a la Corte Penal Internacional que abra investigacion sobre crimenes de guerra en Alepo ";" Emol.com"",2016-10-10,""lunes""";;;;;;
"9979,""86920"",""EMOL"",""2016-10-10 08:31:04"",""Tecnologia"",""Samsung suspende produccion de sus telefonos de gama alta Galaxy Note 7 ";" Emol.com"",2016-10-10,""lunes""";;;;;;
"9980,""86921"",""EMOL"",""2016-10-10 08:36:04"",""Nacional"",""Uruguayo que recorre America en bicicleta: ";Hay mucho amiguismo entre nuestros paises; ;" Emol.com"",2016-10-10,""lunes""";;;;
"9981,""86922"",""EMOL"",""2016-10-10 09:16:13"",""Nacional"",""Ministro de Interior y Seguridad Publica: ";No estamos mal en materia de delincuencia; ;" Emol.com"",2016-10-10,""lunes""";;;;
"9982,""86923"",""EMOL"",""2016-10-10 09:21:04"",""Deportes"",""La insolita polemica con un diario espanol que saco a Gerard Pique de la seleccion espanola ";" Emol.com"",2016-10-10,""lunes""";;;;;;
"9983,""86924"",""EMOL"",""2016-10-10 09:36:04"",""Deportes"",""Despues de seis meses, Chile vuelve quedarse sin tenistas en el Top 200 del ranking ATP ";" Emol.com"",2016-10-10,""lunes""";;;;;;
"9984,""86925"",""EMOL"",""2016-10-10 09:51:05"",""Deportes"",""El duro y especial trabajo de Pizzi con Enzo Roco que tendra que frenar a Paolo Guerrero ";" Emol.com"",2016-10-10,""lunes""";;;;;;
"9985,""86926"",""EMOL"",""2016-10-10 10:01:05"",""Espectaculos"",""Garbage agenda un segundo concierto en Chile ";" Emol.com"",2016-10-10,""lunes""";;;;;;
"9986,""86927"",""EMOL"",""2016-10-10 10:06:04"",""Deportes"",""Lo que debe pasar para que Nico Rosberg por primera vez campeon de la Formula Uno ";" Emol.com"",2016-10-10,""lunes""";;;;;;
"9987,""86928"",""EMOL"",""2016-10-10 10:07:08"",""Nacional"",""Universidades chilenas adoptan medidas ante aumento de casos de acoso sexual ";" Emol.com"",2016-10-10,""lunes""";;;;;;
"9988,""86929"",""EMOL"",""2016-10-10 10:36:05"",""Nacional"",""PC busca eliminar alusiones religiosas al inicio de cada sesion de la Camara de Diputados ";" Emol.com"",2016-10-10,""lunes""";;;;;;
"9989,""86930"",""EMOL"",""2016-10-10 11:01:04"",""Espectaculos"",""Animadores que entrevistaron a Rafael Garay: ";Es bien bipolar y esquizofrenico todo esto; ;" Emol.com"",2016-10-10,""lunes""";;;;
"9990,""86931"",""EMOL"",""2016-10-10 11:06:04"",""Internacional"",""Amargo y hostil: Asi vio la prensa estadounidense el segundo debate entre Clinton y Trump ";" Emol.com"",2016-10-10,""lunes""";;;;;;
"9991,""86932"",""EMOL"",""2016-10-10 11:11:04"",""Deportes"",""Clasificatorias: Uruguay arriba a Colombia con 2 horas de retraso por problemas en el avion ";" Emol.com"",2016-10-10,""lunes""";;;;;;
"9992,""86933"",""EMOL"",""2016-10-10 11:16:04"",""Espectaculos"",""";Bombo; Fica y su primera incursion en el cine: ;Es parte de la evolucion de un artista; ;" Emol.com"",2016-10-10,""lunes""";;
"9993,""86934"",""EMOL"",""2016-10-10 11:21:04"",""Economia"",""Cobre cierra este lunes con alza dejando atras una semana de fuertes perdidas ";" Emol.com"",2016-10-10,""lunes""";;;;;;
"9994,""86935"",""EMOL"",""2016-10-10 11:41:05"",""Nacional"",""Cabo del Ejercito fue apunalado por un hombre al que increpo por supuesto abuso sexual ";" Emol.com"",2016-10-10,""lunes""";;;;;;
"9995,""86936"",""EMOL"",""2016-10-10 11:46:04"",""Nacional"",""Defensa de viudo de Haeger pide conocer detalles del allanamiento a la celda del ingeniero ";" Emol.com"",2016-10-10,""lunes""";;;;;;
"9996,""86937"",""EMOL"",""2016-10-10 11:51:05"",""Espectaculos"",""Roger Waters y The Who culminan el viaje nostalgico del festival Desert Trip ";" Emol.com"",2016-10-10,""lunes""";;;;;;
"9997,""86938"",""EMOL"",""2016-10-10 12:11:04"",""Deportes"",""Sampaoli gana importamte premio en Espana por la Copa America conseguida con Chile ";" Emol.com"",2016-10-10,""lunes""";;;;;;
"9998,""86939"",""EMOL"",""2016-10-10 12:41:03"",""Nacional"",""Muertos por accidentes de transito llegan a 17 este fin de semana largo y superan el registro del ano pasado ";" Emol.com"",2016-10-10,""lunes""";;;;;;
"9999,""86940"",""EMOL"",""2016-10-10 12:56:05"",""Espectaculos"",""Ruben Blades previo a su regreso al pais: ";Bachelet es admirada y muy respetada internacionalmente; ;" Emol.com"",2016-10-10,""lunes""";;;;
"10000,""86941"",""EMOL"",""2016-10-10 12:57:07"",""Tecnologia"",""Experto que demando al gobierno de EE.UU. por su leve reaccion al cambio climatico pide mas accion ";" Emol.com"",2016-10-10,""lunes""";;;;;;
"10001,""86942"",""EMOL"",""2016-10-10 13:11:04"",""Espectaculos"",""";Buscando a Dory; se transforma en la quinta pelicula animada mas exitosa de la historia ;" Emol.com"",2016-10-10,""lunes""";;;;
"10002,""86943"",""EMOL"",""2016-10-10 13:46:05"",""Nacional"",""Aurus Capital reitera que esta semana comienza auditoria externa y llama a la calma ";" Emol.com"",2016-10-10,""lunes""";;;;;;
"10003,""86944"",""EMOL"",""2016-10-10 13:51:04"",""Deportes"",""Pizzi no ve relajo en la ";Roja; y cree que la Copa Centenario respalda su trabajo ;" Emol.com"",2016-10-10,""lunes""";;;;
"10004,""86945"",""EMOL"",""2016-10-10 14:06:04"",""Nacional"",""Intendente de Magallanes asegura que horario de verano permanente se aplicaria desde 2017 ";" Emol.com"",2016-10-10,""lunes""";;;;;;
"10005,""86946"",""EMOL"",""2016-10-10 14:07:06"",""Internacional"",""Lo que dejo el debate: A menos de un mes de las elecciones, Clinton se afianza en la carrera presidencial ";" Emol.com"",2016-10-10,""lunes""";;;;;;
"10006,""86947"",""EMOL"",""2016-10-10 14:16:05"",""Espectaculos"",""";Don Francisco te invita; debuta con un capitulo cargado de musica y emocion ;" Emol.com"",2016-10-10,""lunes""";;;;
"10007,""86948"",""EMOL"",""2016-10-10 14:31:04"",""Nacional"",""Intendente Orrego emplaza a hinchas: ";Estamos con tarjeta amarilla por parte de la FIFA; ;" Emol.com"",2016-10-10,""lunes""";;;;
"10008,""86949"",""EMOL"",""2016-10-10 14:51:06"",""Internacional"",""Casino Trump Taj Mahal cierra sus puertas por motivos economicos ";" Emol.com"",2016-10-10,""lunes""";;;;;;
"10009,""86950"",""EMOL"",""2016-10-10 15:06:04"",""Deportes"",""Diego Maradona vuelve a criticar a Higuain y se lanza contra Icardi: ";De traidores no hablo; ;" Emol.com"",2016-10-10,""lunes""";;;;
"10010,""86951"",""EMOL"",""2016-10-10 15:16:04"",""Nacional"",""Ricardo Lagos apoya eliminacion del CAE: ";Estamos en condiciones de dar ese paso; ;" Emol.com"",2016-10-10,""lunes""";;;;
"10011,""86952"",""EMOL"",""2016-10-10 15:17:06"",""Internacional"",""Ministerio Publico Federal de Brasil presenta denuncia contra Lula da Silva ";" Emol.com"",2016-10-10,""lunes""";;;;;;
"10012,""86953"",""EMOL"",""2016-10-10 15:46:12"",""Nacional"",""RN acudira a Contraloria por ";marcado desequilibrio; en favor de alcaldes de la NM ;" Emol.com"",2016-10-10,""lunes""";;;;
"10013,""86954"",""EMOL"",""2016-10-10 15:51:05"",""Espectaculos"",""Las puertas de la Queen";#39;s House se vuelven a abrir en su aniversario numero 400 ;" Emol.com"",2016-10-10,""lunes""";;;;
"10014,""86955"",""EMOL"",""2016-10-10 15:56:05"",""Nacional"",""Con incidentes culmina marcha mapuche que exige libertad de machi en caso Luchsinger-Mckay ";" Emol.com"",2016-10-10,""lunes""";;;;;;
"10015,""86956"",""EMOL"",""2016-10-10 16:06:04"",""Deportes"",""Tenis paralimpico: Dupla chilena Araya y Munoz vuelve a ganar en Brasil y son tricampeones ";" Emol.com"",2016-10-10,""lunes""";;;;;;
"10016,""86957"",""EMOL"",""2016-10-10 16:11:03"",""Internacional"",""Ejercito colombiano descubre deposito con explosivos del ELN ";" Emol.com"",2016-10-10,""lunes""";;;;;;
"10017,""86958"",""EMOL"",""2016-10-10 16:16:04"",""Nacional"",""Gobierno anuncia envio de ayuda economica a Haiti tras paso de huracan Matthew que dejo 900 fallecidos ";" Emol.com"",2016-10-10,""lunes""";;;;;;
"10018,""86959"",""EMOL"",""2016-10-10 16:26:04"",""Espectaculos"",""Suicidal Tendencies se mantiene fiel a su propia historia con el potente ";World Gone Mad; ;" Emol.com"",2016-10-10,""lunes""";;;;
"10019,""86960"",""EMOL"",""2016-10-10 16:56:03"",""Espectaculos"",""Miguel Bose ante posible eleccion de Donald Trump: ";El mundo corre serio peligro, porque es un demente; ;" Emol.com"",2016-10-10,""lunes""";;;;
"10020,""86961"",""EMOL"",""2016-10-10 17:11:05"",""Deportes"",""Fabian Orellana recibio el alta medica y esta listo para volver a las canchas con Celta de Vigo ";" Emol.com"",2016-10-10,""lunes""";;;;;;
"10021,""86962"",""EMOL"",""2016-10-10 17:56:05"",""Internacional"",""ELN libera a un civil que tenia secuestrado en la frontera con Venezuela ";" Emol.com"",2016-10-10,""lunes""";;;;;;
"10022,""86963"",""EMOL"",""2016-10-10 18:06:04"",""Deportes"",""Eduardo Vargas grabo un video respaldando a la gente de Cobreloa que llego a protestar a Juan Pinto Duran ";" Emol.com"",2016-10-10,""lunes""";;;;;;
"10023,""86964"",""EMOL"",""2016-10-10 18:11:04"",""Nacional"",""Comision de Constitucion citara a Servel y Registro Civil por errores en padron ";" Emol.com"",2016-10-10,""lunes""";;;;;;
"10024,""86965"",""EMOL"",""2016-10-10 18:16:04"",""Nacional"",""Ricardo Lagos respalda idea de candidato unico: ";No seria compresible una competencia con Isabel Allende; ;" Emol.com"",2016-10-10,""lunes""";;;;
"10025,""86966"",""EMOL"",""2016-10-10 18:36:04"",""Deportes"",""Portugal de Cristiano Ronaldo se da un paseo ante Islas Feroe con brillante actuacion de Andre Silva ";" Emol.com"",2016-10-10,""lunes""";;;;;;
"10026,""86967"",""EMOL"",""2016-10-10 19:06:04"",""Deportes"",""Paul Pogba se luce en el importante triunfo de Francia ante Holanda por las Clasificatorias ";" Emol.com"",2016-10-10,""lunes""";;;;;;
"10027,""86968"",""EMOL"",""2016-10-10 19:11:04"",""Nacional"",""Carolina Toha recibe respaldo de parlamentarios PS para propuesta de un proyecto de ley ";" Emol.com"",2016-10-10,""lunes""";;;;;;
"10028,""86969"",""EMOL"",""2016-10-10 19:31:14"",""Deportes"",""Alerta en la ";Roja;: Pizzi nomina de urgencia a un volante por problemas de salud en el plantel ;" Emol.com"",2016-10-10,""lunes""";;;;
"10029,""86970"",""EMOL"",""2016-10-10 20:06:04"",""Deportes"",""Pesimas noticias para Pizzi: Arturo Vidal seria uno de los afectados por el cuadro infeccioso febril ";" Emol.com"",2016-10-10,""lunes""";;;;;;
"10030,""86971"",""EMOL"",""2016-10-10 20:26:04"",""Deportes"",""Hans Podlipnik accedio al cuadro principal del challenger de Fairfield donde jugara singles y dobles ";" Emol.com"",2016-10-10,""lunes""";;;;;;
"10031,""86972"",""EMOL"",""2016-10-10 20:46:05"",""Deportes"",""Golf: Tiger Woods anuncia que no disputara torneo de California y pospone su regreso al PGA Tour ";" Emol.com"",2016-10-10,""lunes""";;;;;;
"10032,""86973"",""EMOL"",""2016-10-10 20:51:04"",""Nacional"",""Candidato a alcalde por La Reina de Chile Vamos denuncia rotura de propaganda ";" Emol.com"",2016-10-10,""lunes""";;;;;;
"10033,""86974"",""EMOL"",""2016-10-10 21:06:05"",""Deportes"",""La seleccion peruana entreno por ultima vez en el CDA de cara al choque ante Chile ";" Emol.com"",2016-10-10,""lunes""";;;;;;
"10034,""86975"",""EMOL"",""2016-10-10 21:31:04"",""Deportes"",""Mauro Icardi le responde a Maradona: ";Cada vez que habla dice tonterias, no es ejemplo para nadie; ;" Emol.com"",2016-10-10,""lunes""";;;;
"10035,""86976"",""EMOL"",""2016-10-10 22:06:05"",""Deportes"",""El gol de Benteke que rompio el record como el mas rapido en la historia de las Clasificatorias ";" Emol.com"",2016-10-10,""lunes""";;;;;;
"10036,""86977"",""EMOL"",""2016-10-10 22:56:04"",""Nacional"",""Un tranquilo retorno a la RM se registro tras el fin de semana largo ";" Emol.com"",2016-10-10,""lunes""";;;;;;
"10037,""86978"",""EMOL"",""2016-10-10 23:31:04"",""Internacional"",""Gobierno de Santos y ELN iniciaran negociaciones de paz el 27 de octubre ";" Emol.com"",2016-10-10,""lunes""";;;;;;
"10958,""87898"",""EMOL"",""2016-10-17 00:46:05"",""Nacional"",""Se estima que cinco millones de chilenos sufren dolor cronico a diario ";" Emol.com"",2016-10-17,""lunes""";;;;;;
"10959,""87899"",""EMOL"",""2016-10-17 01:16:04"",""Internacional"",""China puso en orbita a dos astronautas para una mision en laboratorio espacial ";" Emol.com"",2016-10-17,""lunes""";;;;;;
"10960,""87900"",""EMOL"",""2016-10-17 01:41:04"",""Internacional"",""25 presos murieron en enfrentamientos en carcel del norte de Brasil ";" Emol.com"",2016-10-17,""lunes""";;;;;;
"10961,""87901"",""EMOL"",""2016-10-17 05:31:05"",""Internacional"",""Mike Pence asegura que los republicanos aceptaran el resultado electoral de los comicios presidenciales ";" Emol.com"",2016-10-17,""lunes""";;;;;;
"10962,""87902"",""EMOL"",""2016-10-17 05:51:05"",""Internacional"",""Al menos 12 civiles mueren en nuevos ataques contra la ciudad siria de Alepo ";" Emol.com"",2016-10-17,""lunes""";;;;;;
"10963,""87903"",""DF"",""2016-10-17 06:01:28"",""Opinion"",""Compradores de humo"",2016-10-17,""lunes""";;;;;;;
"10964,""87904"",""DF"",""2016-10-17 06:02:35"",""Internacional"",""La segunda ?Era Dorada? de los multimillonarios pierde esplendor"",2016-10-17,""lunes""";;;;;;;
"10965,""87905"",""DF"",""2016-10-17 06:03:40"",""Empresas"",""¿Que marcas ganan mas con la retirada del Note 7?"",2016-10-17,""lunes""";;;;;;;
"10966,""87906"",""EMOL"",""2016-10-17 06:06:04"",""Nacional"",""Estafas piramidales: Hay mas de 7 mil victimas y buscan cerca de $171 mil millones perdidos ";" Emol.com"",2016-10-17,""lunes""";;;;;;
"10967,""87907"",""DF"",""2016-10-17 06:07:52"",""Economia y Politica"",""¿Mejora el animo? Se freno deterioro de expectativas empresariales en el tercer trimestre"",2016-10-17,""lunes""";;;;;;;
"10968,""87908"",""DF"",""2016-10-17 06:08:58"",""Economia y Politica"",""Chahuan: ?Si RN no lleva candidato presidencial se va a desdibujar el rol del partido en el futuro?"",2016-10-17,""lunes""";;;;;;;
"10969,""87909"",""DF"",""2016-10-17 06:13:11"",""Internacional"",""China: economia va hacia un aterrizaje forzoso"",2016-10-17,""lunes""";;;;;;;
"10970,""87910"",""DF"",""2016-10-17 06:14:17"",""Internacional"",""Ventas de centros comerciales crecerian 12 este ano enPeru por mayor confianza de los consumidores"",2016-10-17,""lunes""";;;;;;;
"10971,""87911"",""DF"",""2016-10-17 06:17:29"",""Mercados"",""Principales bancos europeos pierden en bolsa US$ 132.098 millones"",2016-10-17,""lunes""";;;;;;;
"10972,""87912"",""DF"",""2016-10-17 06:18:32"",""Mercados"",""AFP volvieron a ser vendedoras de deuda emergente y high yield"",2016-10-17,""lunes""";;;;;;;
"10973,""87913"",""DF"",""2016-10-17 06:21:40"",""Empresas"",""UmaSnacks, la nueva startup de alimentos saludables y solidarios"",2016-10-17,""lunes""";;;;;;;
"10974,""87914"",""DF"",""2016-10-17 06:25:52"",""Empresas"",""Edificacion en altura impulsa la innovacion con madera"",2016-10-17,""lunes""";;;;;;;
"10975,""87915"",""EMOL"",""2016-10-17 06:26:11"",""Internacional"",""La UE descarta imponer sanciones contra Rusia por su papel en Siria ";" Emol.com"",2016-10-17,""lunes""";;;;;;
"10976,""87916"",""DF"",""2016-10-17 06:28:55"",""Empresas"",""Desafios que impone la Reforma Laboral"",2016-10-17,""lunes""";;;;;;;
"10977,""87917"",""DF"",""2016-10-17 06:29:58"",""Empresas"",""Colegio chileno gana batalla contra la marca Puma"",2016-10-17,""lunes""";;;;;;;
"10978,""87918"",""DF"",""2016-10-17 06:31:02"",""Empresas"",""Guia legal financiera IFLR 1.000 destaca a mas de 20 estudios locales"",2016-10-17,""lunes""";;;;;;;
"10979,""87919"",""DF"",""2016-10-17 06:32:07"",""Empresas"",""Baker ";" McKenzie lidera en indice global de Acritas"",2016-10-17,""lunes""";;;;;;
"10980,""87920"",""DF"",""2016-10-17 06:39:27"",""Empresas"",""Educacion financiera ?on tour?"",2016-10-17,""lunes""";;;;;;;
"10981,""87921"",""DF"",""2016-10-17 06:40:30"",""Empresas"",""Reencuentro con Marvin Zonis"",2016-10-17,""lunes""";;;;;;;
"10982,""87922"",""DF"",""2016-10-17 06:41:33"",""Empresas"",""El ultimo resplandor del caso Chispas"",2016-10-17,""lunes""";;;;;;;
"10983,""87923"",""DF"",""2016-10-17 06:42:38"",""Empresas"",""Llega a Chile la cadena de gimnasios de la ?fiebre naranja?"",2016-10-17,""lunes""";;;;;;;
"10984,""87924"",""DF"",""2016-10-17 06:44:04"",""Opinion"",""Rol del directorio en la integridad en los negocios"",2016-10-17,""lunes""";;;;;;;
"10985,""87925"",""DF"",""2016-10-17 06:45:33"",""Opinion"",""Expectativa de aumento de tasas en Estados Unidos"",2016-10-17,""lunes""";;;;;;;
"10986,""87926"",""DF"",""2016-10-17 06:47:02"",""Opinion"",""Nuevo Plan de Descontaminacion"",2016-10-17,""lunes""";;;;;;;
"10987,""87927"",""DF"",""2016-10-17 06:48:30"",""Opinion"",""Los banos unisex no ofrecen un refugio para chismearL"",2016-10-17,""lunes""";;;;;;;
"10988,""87928"",""EMOL"",""2016-10-17 06:51:04"",""Nacional"",""Dipres estima ";insuficiente; el desempeno de la promocion turistica de Chile ;" Emol.com"",2016-10-17,""lunes""";;;;
"10989,""87929"",""EMOL"",""2016-10-17 07:11:14"",""Economia"",""Samsung ofrece recambio del Note 7 en aeropuertos tras prohibicion para volar ";" Emol.com"",2016-10-17,""lunes""";;;;;;
"10990,""87930"",""EMOL"",""2016-10-17 07:12:16"",""Deportes"",""Un partidazo que encendio aun mas lucha marco la fecha del torneo con peor puntaje de la historia ";" Emol.com"",2016-10-17,""lunes""";;;;;;
"10991,""87931"",""EMOL"",""2016-10-17 07:16:05"",""Internacional"",""Oposicion de Montenegro denuncia irregularidades electorales en comicios parlamentarios ";" Emol.com"",2016-10-17,""lunes""";;;;;;
"10992,""87932"",""EMOL"",""2016-10-17 07:21:05"",""Deportes"",""ATP le da un ultimatum a Kyrgios: O va al psicologo o es sancionado con 8 semanas tras nuevo escandalo ";" Emol.com"",2016-10-17,""lunes""";;;;;;
"10993,""87933"",""EMOL"",""2016-10-17 07:26:06"",""Economia"",""Politicos britanicos piden a May que de luz verde a la ampliacion de Heathrow ";" Emol.com"",2016-10-17,""lunes""";;;;;;
"10994,""87934"",""EMOL"",""2016-10-17 07:36:04"",""Espectaculos"",""Arriesgado capitulo de ";En su propia trampa; alcanzo alta sintonia ;" Emol.com"",2016-10-17,""lunes""";;;;
"10995,""87935"",""EMOL"",""2016-10-17 07:37:06"",""Nacional"",""Retoman busqueda de dos jovenes desaparecidos tras corrida en cerro Provincia ";" Emol.com"",2016-10-17,""lunes""";;;;;;
"10996,""87936"",""EMOL"",""2016-10-17 07:41:04"",""Deportes"",""A Sampaoli ahora le dicen ";Sampalillo; y destacan la ;revolucion; que tiene en Sevilla tras su gran campana ;" Emol.com"",2016-10-17,""lunes""";;
"10997,""87937"",""EMOL"",""2016-10-17 07:46:04"",""Deportes"",""La insolita e hilarante simulacion protagonizada por dos jugadores en el futbol brasileno ";" Emol.com"",2016-10-17,""lunes""";;;;;;
"10998,""87938"",""EMOL"",""2016-10-17 07:47:07"",""Economia"",""Las cinco mejores universidades para estudiar si quieres ser millonario ";" Emol.com"",2016-10-17,""lunes""";;;;;;
"10999,""87939"",""EMOL"",""2016-10-17 08:01:04"",""Espectaculos"",""Hallan desconocidas cartas de los traficantes de arte mas famosos del nazismo ";" Emol.com"",2016-10-17,""lunes""";;;;;;
"11000,""87940"",""EMOL"",""2016-10-17 08:02:07"",""Economia"",""Asociacion de AFP y propuesta de salirse de dos administradoras: El sistema no va a colapsar ";" Emol.com"",2016-10-17,""lunes""";;;;;;
"11001,""87941"",""EMOL"",""2016-10-17 08:06:03"",""Deportes"",""Bravo visitara al Barça por Champions y en Espana destacan su negro historial como rival en el Camp Nou ";" Emol.com"",2016-10-17,""lunes""";;;;;;
"11002,""87942"",""EMOL"",""2016-10-17 08:21:04"",""Espectaculos"",""Previo al estreno de su septima temporada, ";The Walking Dead; confirma nuevo ciclo ;" Emol.com"",2016-10-17,""lunes""";;;;
"11003,""87943"",""EMOL"",""2016-10-17 08:36:04"",""Nacional"",""Andrade y exigencia de la oposicion ante ley expres: ";Se quiere hacer un chantaje y eso no corresponde; ;" Emol.com"",2016-10-17,""lunes""";;;;
"11004,""87944"",""EMOL"",""2016-10-17 08:37:06"",""Nacional"",""Estudiantes se manifiestan en el Ministerio de Justicia ";" Emol.com"",2016-10-17,""lunes""";;;;;;
"11005,""87945"",""EMOL"",""2016-10-17 08:41:04"",""Espectaculos"",""Pamela Anderson se reunio con Julian Assange y expresa preocupacion por su salud ";" Emol.com"",2016-10-17,""lunes""";;;;;;
"11006,""87946"",""EMOL"",""2016-10-17 08:42:07"",""Tecnologia"",""Muere el astronomo que descubrio el cometa al que llego la historica mision Rosetta ";" Emol.com"",2016-10-17,""lunes""";;;;;;
"11007,""87947"",""EMOL"",""2016-10-17 08:51:04"",""Espectaculos"",""Tras casi 10 anos de ausencia, Phil Collins regresara a los escenarios en 2017 ";" Emol.com"",2016-10-17,""lunes""";;;;;;
"11008,""87948"",""EMOL"",""2016-10-17 08:56:04"",""Tendencias"",""Alemania: Padre admite haber publicado un anuncio en internet para vender a su hija recien nacida ";" Emol.com"",2016-10-17,""lunes""";;;;;;
"11009,""87949"",""EMOL"",""2016-10-17 09:06:04"",""Deportes"",""Luego de tres partidos sin ganar el Bayern Munich de Vidal, en Alemania ya hablan de una ";minicrisis; ;" Emol.com"",2016-10-17,""lunes""";;;;
"11010,""87950"",""EMOL"",""2016-10-17 09:07:06"",""Deportes"",""Tomas Barrios da el gran salto de su carrera y ya supera a Jarry como la cuarta mejor raqueta de Chile en la ATP ";" Emol.com"",2016-10-17,""lunes""";;;;;;
"11011,""87951"",""DF"",""2016-10-17 09:12:52"",""Opinion"",""Los banos unisex no ofrecen un refugio para chismear"",2016-10-17,""lunes""";;;;;;;
"11012,""87952"",""EMOL"",""2016-10-17 09:16:04"",""Nacional"",""Bachelet analiza alternativas para solucionar crisis provocada por errores en padron electoral ";" Emol.com"",2016-10-17,""lunes""";;;;;;
"11013,""87953"",""EMOL"",""2016-10-17 09:21:04"",""Economia"",""Cobre comienza la semana con levee caida a la espera de resultados economicos de China ";" Emol.com"",2016-10-17,""lunes""";;;;;;
"11014,""87954"",""EMOL"",""2016-10-17 09:26:03"",""Nacional"",""Sistema frontal se extendera hasta el martes con chubascos aislados en zona central ";" Emol.com"",2016-10-17,""lunes""";;;;;;
"11015,""87955"",""EMOL"",""2016-10-17 09:31:05"",""Economia"",""Dolar abre con perdidas este lunes tras comentarios de la Reserva Federal ";" Emol.com"",2016-10-17,""lunes""";;;;;;
"11016,""87956"",""EMOL"",""2016-10-17 09:32:07"",""Tendencias"",""Jia Jia, el oso panda en cautiverio mas longevo del mundo, murio a los 38 anos ";" Emol.com"",2016-10-17,""lunes""";;;;;;
"11017,""87957"",""EMOL"",""2016-10-17 09:33:09"",""Tecnologia"",""El auto de Apple esta en crisis: Despiden a empleados y no hay claridad sobre su futuro ";" Emol.com"",2016-10-17,""lunes""";;;;;;
"11018,""87958"",""EMOL"",""2016-10-17 09:36:04"",""Espectaculos"",""Benjamin Vicuna adelanta rol en ambiciosa serie futurista de Fox: ";Es una idea muy potente; ;" Emol.com"",2016-10-17,""lunes""";;;;
"11019,""87959"",""EMOL"",""2016-10-17 09:37:06"",""Nacional"",""Cuenta bancaria de Rafael Garay registra un saldo de $2 mil ";" Emol.com"",2016-10-17,""lunes""";;;;;;
"11020,""87960"",""EMOL"",""2016-10-17 09:46:04"",""Nacional"",""PPD condena ataque a su sede nacional: ";Es un cobarde atentado vandalico; ;" Emol.com"",2016-10-17,""lunes""";;;;
"11021,""87961"",""EMOL"",""2016-10-17 09:47:06"",""Economia"",""Pepsi se propone reducir cantidad de azucar de sus bebidas en todo el mundo ";" Emol.com"",2016-10-17,""lunes""";;;;;;
"11022,""87962"",""EMOL"",""2016-10-17 10:01:04"",""Tendencias"",""La moda como arte: Narciso Rodriguez es homenajeado con exposicion en Miami ";" Emol.com"",2016-10-17,""lunes""";;;;;;
"11023,""87963"",""EMOL"",""2016-10-17 10:06:04"",""Espectaculos"",""Green Day apela a una nostalgica revuelta en su nuevo disco, ";Revolution Radio; ;" Emol.com"",2016-10-17,""lunes""";;;;
"11024,""87964"",""EMOL"",""2016-10-17 10:21:04"",""Tendencias"",""¿Pasarias Halloween en el castillo de Dracula? Un concurso para valientes regala la experiencia ";" Emol.com"",2016-10-17,""lunes""";;;;;;
"11025,""87965"",""EMOL"",""2016-10-17 10:22:07"",""Tecnologia"",""Mision ExoMars hace su ultimo ajuste antes del historico aterrizaje en Marte ";" Emol.com"",2016-10-17,""lunes""";;;;;;
"11026,""87966"",""DF"",""2016-10-17 10:24:40"",""Empresas"",""UmaSnacks, la nueva startup de alimentos saludables y solidarios"",2016-10-17,""lunes""";;;;;;;
"11027,""87967"",""EMOL"",""2016-10-17 10:26:04"",""Espectaculos"",""Ecologistas exigen a DiCaprio que renuncie a su cargo en la ONU tras supuesto caso de corrupcion ";" Emol.com"",2016-10-17,""lunes""";;;;;;
"11028,""87968"",""EMOL"",""2016-10-17 10:27:06"",""Deportes"",""Nick Kyrgios acepta ir al psicologo para reducir la sancion que le impuso la ATP ";" Emol.com"",2016-10-17,""lunes""";;;;;;
"11029,""87969"",""EMOL"",""2016-10-17 10:31:04"",""Internacional"",""Fuerzas iraquies y kurdas liberan otras 5 aldeas proximas a Mosul que estaban en manos del EI ";" Emol.com"",2016-10-17,""lunes""";;;;;;
"11030,""87970"",""EMOL"",""2016-10-17 10:32:07"",""Nacional"",""Error en el padron electoral: Las sanciones que arriesgan las personas que voten dos veces ";" Emol.com"",2016-10-17,""lunes""";;;;;;
"11031,""87971"",""EMOL"",""2016-10-17 10:36:05"",""Deportes"",""Sigue la pesadilla para Icardi en el Inter: Le quitarian la jineta de capitan y no se cierran a venderlo ";" Emol.com"",2016-10-17,""lunes""";;;;;;
"11032,""87972"",""EMOL"",""2016-10-17 10:37:07"",""Economia"",""Demanda de creditos bancarios en Chile modera su debilitamiento en tercer trimestre ";" Emol.com"",2016-10-17,""lunes""";;;;;;
"11033,""87973"",""EMOL"",""2016-10-17 10:41:04"",""Nacional"",""Las responsabilidades que se barajan por los errores en el padron electoral ";" Emol.com"",2016-10-17,""lunes""";;;;;;
"11034,""87974"",""EMOL"",""2016-10-17 10:42:07"",""Deportes"",""El tenista chileno de 18 anos que ha escalado 327 puestos y por el que apuesta Marcelo Rios ";" Emol.com"",2016-10-17,""lunes""";;;;;;
"11035,""87975"",""EMOL"",""2016-10-17 11:06:04"",""Internacional"",""";Un Presidente no deberia decir eso;: Las confidencias de Hollande que lo sumergen en un mar de polemicas ;" Emol.com"",2016-10-17,""lunes""";;;;
"11036,""87976"",""DF"",""2016-10-17 11:07:00"",""Empresas"",""El colegio chileno que le gano la batalla a la marca Puma"",2016-10-17,""lunes""";;;;;;;
"11037,""87977"",""EMOL"",""2016-10-17 11:21:04"",""Deportes"",""angelo Henriquez elogia a Jorge Sampaoli y piensa que volvera a ser nominado a la seleccion ";" Emol.com"",2016-10-17,""lunes""";;;;;;
"11038,""87978"",""EMOL"",""2016-10-17 11:22:06"",""Nacional"",""Bachelet se refiere a ";brutal asesinato; de menor en Coyhaique y pide compromiso para denunciar estos hechos ;" Emol.com"",2016-10-17,""lunes""";;;;
"11039,""87979"",""EMOL"",""2016-10-17 11:31:04"",""Deportes"",""El mal arranque que condena a Manuel Pellegrini en su aventura en China ";" Emol.com"",2016-10-17,""lunes""";;;;;;
"11040,""87980"",""EMOL"",""2016-10-17 11:41:04"",""Espectaculos"",""Martin Scorsese acude al ingenio para lograr competir en los Oscar 2017 ";" Emol.com"",2016-10-17,""lunes""";;;;;;
"11041,""87981"",""EMOL"",""2016-10-17 11:42:07"",""Economia"",""Los buenos negocios de Donald Trump con su declarado ";enemigo; chino ;" Emol.com"",2016-10-17,""lunes""";;;;
"11042,""87982"",""EMOL"",""2016-10-17 11:43:09"",""Nacional"",""Socorro Andino apuesta a que jovenes extraviados en cerro Provincia hayan alcanzado un refugio en la cima ";" Emol.com"",2016-10-17,""lunes""";;;;;;
"11043,""87983"",""EMOL"",""2016-10-17 11:46:03"",""Tecnologia"",""De cortes de TV a apagones: Obama ordena plan para evitar los efectos de las tormentas solares ";" Emol.com"",2016-10-17,""lunes""";;;;;;
"11044,""87984"",""EMOL"",""2016-10-17 12:06:04"",""Tendencias"",""Cuenta de Instagram es un exito rememorando el estilo de la noventera ";Nanny; ;" Emol.com"",2016-10-17,""lunes""";;;;
"11045,""87985"",""EMOL"",""2016-10-17 12:07:15"",""Economia"",""¿Buscas trabajo? Este lunes partio la 3° version de la Feria Laboral Virtual 2016 ";" Emol.com"",2016-10-17,""lunes""";;;;;;
"11046,""87986"",""EMOL"",""2016-10-17 12:11:04"",""Internacional"",""Convocan a un ";paro nacional de mujeres; en Argentina tras brutal asesinato de adolescente ;" Emol.com"",2016-10-17,""lunes""";;;;
"11047,""87987"",""EMOL"",""2016-10-17 12:12:06"",""Nacional"",""Fiscalia envia antecedentes al CDE en causa abierta por errores detectados en la administracion del padron electoral ";" Emol.com"",2016-10-17,""lunes""";;;;;;
"11048,""87988"",""EMOL"",""2016-10-17 12:16:03"",""Deportes"",""Javier Mascherano firma su renovacion con el Barcelona hasta junio de 2019 ";" Emol.com"",2016-10-17,""lunes""";;;;;;
"11049,""87989"",""EMOL"",""2016-10-17 12:17:06"",""Espectaculos"",""A los 50 anos, Marta Sanchez posa en topless para promover lucha contra cancer de mamas ";" Emol.com"",2016-10-17,""lunes""";;;;;;
"11050,""87990"",""EMOL"",""2016-10-17 12:36:05"",""Espectaculos"",""La Academia sueca desiste en su intento por contactarse con Bob Dylan ";" Emol.com"",2016-10-17,""lunes""";;;;;;
"11051,""87991"",""EMOL"",""2016-10-17 12:41:04"",""Economia"",""Chile y Argentina anuncian entrada en vigencia de convenio para eliminar doble tributacion ";" Emol.com"",2016-10-17,""lunes""";;;;;;
"11052,""87992"",""EMOL"",""2016-10-17 12:42:06"",""Nacional"",""Tramitacion de ley expres por errores en padron se dilata: Primero sera visto en la Comision de Gobierno ";" Emol.com"",2016-10-17,""lunes""";;;;;;
"11053,""87993"",""EMOL"",""2016-10-17 12:46:13"",""Nacional"",""Nuevo femicicio en Puerto Montt: Mujer murio tras ser atacada presuntamente por su pareja ";" Emol.com"",2016-10-17,""lunes""";;;;;;
"11054,""87994"",""EMOL"",""2016-10-17 12:47:15"",""Deportes"",""Colo Colo marca el irregular torneo chileno: Puede ser campeon, pero esta mas cerca del colista ";" Emol.com"",2016-10-17,""lunes""";;;;;;
"11055,""87995"",""EMOL"",""2016-10-17 12:48:17"",""Internacional"",""Explosion en planta quimica alemana deja al menos un muerto y seis desaparecidos ";" Emol.com"",2016-10-17,""lunes""";;;;;;
"11056,""87996"",""EMOL"",""2016-10-17 12:51:05"",""Tecnologia"",""Misteriosas imagenes publicadas en Twitter adelantarian el regreso de un popular videojuego ";" Emol.com"",2016-10-17,""lunes""";;;;;;
"11057,""87997"",""EMOL"",""2016-10-17 12:52:07"",""Economia"",""Grupo de Politica Monetaria: No vemos espacio para bajar la tasa en proximos meses ";" Emol.com"",2016-10-17,""lunes""";;;;;;
"11058,""87998"",""EMOL"",""2016-10-17 13:01:04"",""Nacional"",""Gobierno pide a la Contraloria que lleve a cabo sumario por errores en padron electoral ";" Emol.com"",2016-10-17,""lunes""";;;;;;
"11059,""87999"",""EMOL"",""2016-10-17 13:02:06"",""Nacional"",""Pinera dice que Gobierno ";no hizo nada; al conocer error en el padron y llamo a que asuma su repsonsabilidad ;" Emol.com"",2016-10-17,""lunes""";;;;
"11060,""88000"",""EMOL"",""2016-10-17 13:26:05"",""Internacional"",""Macri espera el fin de las ";especulaciones; sobre su relacion con el Papa tras reunirse con el ;" Emol.com"",2016-10-17,""lunes""";;;;
"11061,""88001"",""EMOL"",""2016-10-17 13:31:04"",""Tecnologia"",""Cientificos crean un metodo para predecir cambios del clima con un ano de antelacion ";" Emol.com"",2016-10-17,""lunes""";;;;;;
"11062,""88002"",""EMOL"",""2016-10-17 13:36:04"",""Nacional"",""Obispo de Aysen por ";horroroso; crimen de nina en Coyhaique: ;La gente necesita expresar su rechazo a la violencia; ;" Emol.com"",2016-10-17,""lunes""";;
"11063,""88003"",""EMOL"",""2016-10-17 13:41:05"",""Nacional"",""Minsal entregara $10 mil millones al Hospital Clinico de la U. de Chile para formacion de especialistas ";" Emol.com"",2016-10-17,""lunes""";;;;;;
"11064,""88004"",""EMOL"",""2016-10-17 13:46:04"",""Deportes"",""Los mejores goles y quien es la denominada ";Messi venezolana; que brilla en el futbol femenino ;" Emol.com"",2016-10-17,""lunes""";;;;
"11065,""88005"",""EMOL"",""2016-10-17 13:51:04"",""Economia"",""Dolar cierra este lunes a la baja y acumula dos dias seguidos de perdidas ";" Emol.com"",2016-10-17,""lunes""";;;;;;
"11066,""88006"",""EMOL"",""2016-10-17 13:52:06"",""Espectaculos"",""The Magic Numbers estrenara nuevas canciones durante show en Chile: ";Lo pensamos como un regalo; ;" Emol.com"",2016-10-17,""lunes""";;;;
"11067,""88007"",""EMOL"",""2016-10-17 14:01:04"",""Tendencias"",""Se viralizan imagenes de joven elefanta que se lanza a un rio para rescatar a su cuidador ";" Emol.com"",2016-10-17,""lunes""";;;;;;
"11068,""88008"",""EMOL"",""2016-10-17 14:06:04"",""Nacional"",""Proyecto de ley del Gobierno contempla duplicar padron de afectados y crear mesas receptoras especiales ";" Emol.com"",2016-10-17,""lunes""";;;;;;
"11069,""88009"",""EMOL"",""2016-10-17 14:11:13"",""Nacional"",""Implementaran transporte gratuito para zonas rurales durante las elecciones del domingo ";" Emol.com"",2016-10-17,""lunes""";;;;;;
"11070,""88010"",""EMOL"",""2016-10-17 14:16:04"",""Economia"",""Pacheco: Principal desafio para interconexion Chile-Peru esta en el ";campo politico; ;" Emol.com"",2016-10-17,""lunes""";;;;
"11071,""88011"",""EMOL"",""2016-10-17 14:17:06"",""Internacional"",""Rusia anuncia una ";pausa humanitaria; para el 20 de octubre en la ciudad siria de Alepo ;" Emol.com"",2016-10-17,""lunes""";;;;
"11072,""88012"",""EMOL"",""2016-10-17 14:26:04"",""Nacional"",""Chile Vamos responsabiliza al Gobierno por errores en padron y anuncia comision investigadora ";" Emol.com"",2016-10-17,""lunes""";;;;;;
"11073,""88013"",""EMOL"",""2016-10-17 14:41:03"",""Deportes"",""En Universidad Catolica no ocultan la autocritica: ";Tuvimos un inicio lento y no al nivel que queriamos; ;" Emol.com"",2016-10-17,""lunes""";;;;
"11074,""88014"",""EMOL"",""2016-10-17 14:46:04"",""Espectaculos"",""Coprotagonista de la nueva comedia de Kevin James: ";A veces es un reto el intentar aguantar la risa; ;" Emol.com"",2016-10-17,""lunes""";;;;
"11075,""88015"",""EMOL"",""2016-10-17 15:06:04"",""Tecnologia"",""Mision cientifica internacional estudiara efectos del cambio climatico en la Antartica ";" Emol.com"",2016-10-17,""lunes""";;;;;;
"11076,""88016"",""EMOL"",""2016-10-17 15:21:04"",""Espectaculos"",""Joe Jonas da explicaciones a ex pareja tras contar anecdota intima en internet ";" Emol.com"",2016-10-17,""lunes""";;;;;;
"11077,""88017"",""EMOL"",""2016-10-17 15:41:04"",""Deportes"",""Sampaoli se enfrentara manana a Henriquez y Fernandes: ";Estoy muy agradecido de ellos; ;" Emol.com"",2016-10-17,""lunes""";;;;
"11078,""88018"",""EMOL"",""2016-10-17 15:46:04"",""Nacional"",""Rescatistas no encontraron a jovenes extraviados en domo del cerro Provincia ";" Emol.com"",2016-10-17,""lunes""";;;;;;
"11079,""88019"",""EMOL"",""2016-10-17 15:51:04"",""Economia"",""ProVida responde a ";No+AFP;: Lo declarado por estas personas es de falsedad absoluta ;" Emol.com"",2016-10-17,""lunes""";;;;
"11080,""88020"",""EMOL"",""2016-10-17 15:56:05"",""Espectaculos"",""Viggo Mortensen se suma a criticas ante comicios en EE.UU.: ";Esta vez la eleccion es pesima; ;" Emol.com"",2016-10-17,""lunes""";;;;
"11081,""88021"",""EMOL"",""2016-10-17 16:01:05"",""Nacional"",""Ley ";expres;: Jackson propone aplicacion para evitar duplicidad de votos este domingo ;" Emol.com"",2016-10-17,""lunes""";;;;
"11082,""88022"",""EMOL"",""2016-10-17 16:06:03"",""Tecnologia"",""Creador de ";Donkey Kong; revela los secretos del juego a 35 anos de su estreno ;" Emol.com"",2016-10-17,""lunes""";;;;
"11083,""88023"",""EMOL"",""2016-10-17 16:16:04"",""Internacional"",""Ninas raptadas por Boko Haram se reencuentran con sus familias tras ser liberadas ";" Emol.com"",2016-10-17,""lunes""";;;;;;
"11084,""88024"",""EMOL"",""2016-10-17 16:21:13"",""Deportes"",""Vidal se perdera el duelo ante el PSV por la Champions y esta en duda en la ";Roja; para Clasificatorias ;" Emol.com"",2016-10-17,""lunes""";;;;
"11085,""88025"",""EMOL"",""2016-10-17 16:26:04"",""Nacional"",""La Moneda evita comentar llamado a dejar AFP?s y dice que reactivara dialogos tras las municipales ";" Emol.com"",2016-10-17,""lunes""";;;;;;
"11086,""88026"",""EMOL"",""2016-10-17 16:31:04"",""Economia"",""Anuncian llamado a precalificacion para construir nuevo tunel que unira a Chile y Argentina ";" Emol.com"",2016-10-17,""lunes""";;;;;;
"11087,""88027"",""EMOL"",""2016-10-17 16:36:04"",""Nacional"",""Abbott y su primer ano al mando de la Fiscalia Nacional: ";No ha sido facil ni exento de problemas; ;" Emol.com"",2016-10-17,""lunes""";;;;
"11088,""88028"",""EMOL"",""2016-10-17 16:56:06"",""Economia"",""Bolsa de Santiago cierra al alza y llega a su mayor nivel desde agosto ";" Emol.com"",2016-10-17,""lunes""";;;;;;
"11089,""88029"",""EMOL"",""2016-10-17 17:11:03"",""Nacional"",""El tramite legislativo que debera sortear la ley ?expres"; para ser aprobada a seis dias de la eleccion ;" Emol.com"",2016-10-17,""lunes""";;;;;
"11090,""88030"",""EMOL"",""2016-10-17 17:16:05"",""Espectaculos"",""Toni Braxton retoma gira tras hospitalizacion del sabado por lupus ";" Emol.com"",2016-10-17,""lunes""";;;;;;
"11091,""88031"",""EMOL"",""2016-10-17 17:21:04"",""Tendencias"",""Conoce los secretos de belleza de una mujer de 54 anos que pasa como la novia de su hijo veinteanero ";" Emol.com"",2016-10-17,""lunes""";;;;;;
"11092,""88032"",""EMOL"",""2016-10-17 17:36:04"",""Tecnologia"",""200 mil ninos participaron en la version local de la ";Hora del Codigo; ;" Emol.com"",2016-10-17,""lunes""";;;;
"11093,""88033"",""EMOL"",""2016-10-17 17:41:04"",""Internacional"",""FBI publica nuevos documentos sobre correos de Clinton: revelan presiones del Departamento de Estado ";" Emol.com"",2016-10-17,""lunes""";;;;;;
"11094,""88034"",""EMOL"",""2016-10-17 17:46:05"",""Economia"",""Ban Ki-moon insta a invertir mas y a planificar mejor las ciudades en nueva conferencia ";Habitat; ;" Emol.com"",2016-10-17,""lunes""";;;;
"11095,""88035"",""EMOL"",""2016-10-17 17:51:04"",""Nacional"",""Diputados de Amplitud anuncian voto en contra de ley que busca resolver errores en el padron ";" Emol.com"",2016-10-17,""lunes""";;;;;;
"11096,""88036"",""EMOL"",""2016-10-17 17:56:04"",""Nacional"",""Discusion por ley ";expres; en Comision de Gobierno se extiende 15 minutos tras la insistencia de diputados ;" Emol.com"",2016-10-17,""lunes""";;;;
"11097,""88037"",""EMOL"",""2016-10-17 18:01:05"",""Deportes"",""Gonzalo Lama se bajo del Challenger de Santiago por lesion a la muneca ";" Emol.com"",2016-10-17,""lunes""";;;;;;
"11098,""88038"",""EMOL"",""2016-10-17 18:06:05"",""Nacional"",""Revista Que Pasa pide establecer monto que debera pagar Bachelet tras desistirse de querella ";" Emol.com"",2016-10-17,""lunes""";;;;;;
"11099,""88039"",""EMOL"",""2016-10-17 18:11:05"",""Economia"",""Como les ha ido a las AFPs en ganancias y rentabilidad en el ultimo ano ";" Emol.com"",2016-10-17,""lunes""";;;;;;
"11100,""88040"",""EMOL"",""2016-10-17 18:26:04"",""Espectaculos"",""Ewan McGregor propone realizar dos peliculas sobre Obi-Wan Kenobi ";" Emol.com"",2016-10-17,""lunes""";;;;;;
"11101,""88041"",""EMOL"",""2016-10-17 18:31:04"",""Deportes"",""Gabriel Vargas y el golazo a River Plate: ";Habiamos trabajado la jugada; ;" Emol.com"",2016-10-17,""lunes""";;;;
"11102,""88042"",""EMOL"",""2016-10-17 18:46:05"",""Economia"",""Series como ";Stranger Things; impulsan los resultados trimestrales de Netflix ;" Emol.com"",2016-10-17,""lunes""";;;;
"11103,""88043"",""EMOL"",""2016-10-17 19:01:05"",""Internacional"",""Partido espanol Podemos adopta lema de la izquierda chilena: ";Luchar, crear, poder popular; ;" Emol.com"",2016-10-17,""lunes""";;;;
"11104,""88044"",""EMOL"",""2016-10-17 19:16:05"",""Nacional"",""Incendio en cite de Santiago Centro obliga a evacuar a diez personas ";" Emol.com"",2016-10-17,""lunes""";;;;;;
"11105,""88045"",""EMOL"",""2016-10-17 19:36:04"",""Deportes"",""Barcelona anuncia que Neymar firmara su extension de contrato este viernes ";" Emol.com"",2016-10-17,""lunes""";;;;;;
"11106,""88046"",""EMOL"",""2016-10-17 19:41:04"",""Nacional"",""Ministro Gomez-Lobo expondra en Ecuador sobre el transporte publico chileno ";" Emol.com"",2016-10-17,""lunes""";;;;;;
"11107,""88047"",""EMOL"",""2016-10-17 20:06:04"",""Deportes"",""Arturo Sanhueza ya palpita el choque que afrontara Cobreloa ante Colo Colo por Copa Chile ";" Emol.com"",2016-10-17,""lunes""";;;;;;
"11108,""88048"",""EMOL"",""2016-10-17 20:11:04"",""Nacional"",""Chile Vamos no da unanimidad y proyecto de ley ";expres; sera revisado manana por la Camara ;" Emol.com"",2016-10-17,""lunes""";;;;
"11109,""88049"",""EMOL"",""2016-10-17 21:06:03"",""Deportes"",""La notable e improvisada ovacion que recibio Ivan Zamorano de parte de los hinchas del Inter ";" Emol.com"",2016-10-17,""lunes""";;;;;;
"11110,""88050"",""DF"",""2016-10-17 21:31:04"",""Internacional"",""Lo que China puede aprender de sus desventuras en Venezuela"",2016-10-17,""lunes""";;;;;;;
"11111,""88051"",""EMOL"",""2016-10-17 21:46:04"",""Nacional"",""Gobierno no llega a acuerdo con la oposicion y aun no logra reunir los votos para aprobar ";ley expres; ;" Emol.com"",2016-10-17,""lunes""";;;;
"11112,""88052"",""EMOL"",""2016-10-17 22:06:03"",""Internacional"",""Al menos 55 detenidos se fugan de una carcel psiquiatrica en Brasil ";" Emol.com"",2016-10-17,""lunes""";;;;;;
"11113,""88053"",""EMOL"",""2016-10-17 22:07:06"",""Deportes"",""El drama que esta atravesando Diego Rubio en el futbol de Estados Unidos ";" Emol.com"",2016-10-17,""lunes""";;;;;;
"11114,""88054"",""EMOL"",""2016-10-17 22:21:04"",""Nacional"",""Presidente del Senado y ";ley expres;: ;Si no hay acuerdo transversal, hay que rechazar el proyecto; ;" Emol.com"",2016-10-17,""lunes""";;
"11115,""88055"",""EMOL"",""2016-10-17 22:26:04"",""Nacional"",""Blanco reaparece fugazmente para criticar a quienes buscan sacar ";reditos politicos; por crisis en padron electoral ;" Emol.com"",2016-10-17,""lunes""";;;;
"11116,""88056"",""EMOL"",""2016-10-17 22:51:05"",""Deportes"",""Ezequiel Luna y su confianza ante San Lorenzo: ";Palestino le puede ganar a cualquiera; ;" Emol.com"",2016-10-17,""lunes""";;;;
"11117,""88057"",""EMOL"",""2016-10-17 23:26:04"",""Internacional"",""Melania Trump dice que su marido fue ";incitado; a hacer comentarios lascivos ;" Emol.com"",2016-10-17,""lunes""";;;;
